theta1,theta2,theta3,x,y
2.485248402145528,6.242262649632092,1.8755225303168095,-1.9413654897008692,0.32840952002165835
2.5651030346174832,2.439207303498838,4.676958224798201,-1.5178746628488056,-0.6662959558305026
2.339434730807156,5.983641368315916,6.03536138210015,-1.3667052064136809,2.5864552779403662
4.471019377114067,2.6333913706392504,1.0249860840601106,0.1703454583629132,0.7232821654219643
5.914937385010603,3.4722588032061976,5.512024513044561,-0.756743026091301,0.40101116250603314
4.033440361942951,5.469868552837978,6.189392696894555,-2.6247767232260752,-0.8414225871414921
6.053788111556453,5.184022204522328,1.4463108876800983,2.2067530195403497,-1.0807159169318195
1.9615900679088674,5.365015525999515,0.42549260330346783,0.22405246454173466,2.783551965953577
2.259599824931752,5.6182955599779545,1.1034441604494882,-1.5628071622472417,2.200769013682215
0.6780952527272687,3.45704685712504,4.216822150632716,-0.24460412594239045,0.6678905017812937
5.579283935165742,4.026300321547024,3.433027718270876,0.6691749859877015,-0.3721360229993933
6.249980721006907,3.809839395420712,0.9879673052658878,0.24659150176347383,-1.6250471410360978
1.4172404441152568,4.002299701731334,2.523006987783562,0.7141740529166576,1.2240983198199336
3.006391477513433,1.594069531161661,0.31537569052025605,-0.9005215123523557,-1.8383287457056565
5.96406993818328,4.858612451640663,2.5311520891184345,1.4831260761972445,-0.5902521600330868
4.1873520717350035,3.016790276202645,0.9540936308846891,-0.19576833703087848,0.8849462107650167
2.6069509847802914,5.9437764251431915,3.994572061758596,-0.5023985669692276,1.255397724599821
3.635487915994532,0.321107035083382,5.152054143429597,-2.5168057113990345,-0.8908968059012758
3.3788644962651277,5.873334453424546,2.8573077726661924,-1.0596876579472725,-0.5044639756875878
3.7466325830181164,2.680450204170237,4.7191345391222805,0.3172591432511822,-1.4140683047795297
5.623125931315545,4.362689800229031,5.737535194429818,-1.0566291919308894,-1.1606159764693733
6.090186671889483,0.9705093097482071,1.2599014055356248,1.2442291164434789,1.4028006913689337
1.6728144606954598,0.012981980487767636,5.545453514370204,0.3666681784860107,2.8004836539636115
5.167256342418301,5.6865837098266345,1.6177617078554378,1.2935957869214239,-1.9829188789501386
5.80405228438163,3.6435010018776604,6.235053934551258,-1.112024264752832,-0.45843002406663313
2.6661316070869363,1.9652600435337473,1.6384131913443427,0.02991991601707611,-0.5523531713654292
3.535162895158165,4.419067452234102,1.55157715549096,-2.020345590463272,0.530550269999302
0.2876966353526177,5.617208661984171,3.5932920534852584,0.8908952193037621,-0.1589317918408717
1.9191328234980605,0.2154662291244621,4.952339744323187,-0.18172969342714218,2.505136971901697
3.6394276754870583,4.5535027118234375,4.879460346106403,-0.33643381260653316,0.9502802228284952
3.003104376223945,4.857316482785924,6.127083945733045,-0.8477609414752563,2.1268468032968744
5.717981950627248,3.3332022091213585,3.7767492143112738,0.8794449919422707,0.0879666036183735
5.157005362488609,5.858597461313746,2.5296734807982397,1.0080698226882596,-1.072687847757003
2.515505566660082,4.2312830341392855,5.5681263585745455,1.0526716802129403,0.7843383737945258
0.9635476987766796,4.8448707869804135,3.889003219533133,0.4969471176811552,0.09481154861121421
5.3078705062717155,3.6206115343094867,2.079683744889718,-0.3058537383582093,-1.351627610220581
2.9249622607902626,5.7521023355803464,4.312645178536595,-0.7981505950793364,1.3057109976369552
3.622629155022684,0.5739349417482444,1.873152994376437,-0.40246633313566516,-1.5444351029758967
6.245458365047809,1.3391276277327462,0.7213210603963001,0.82873888298798,1.8258218714629502
3.2143676524317013,5.238469681394925,6.129405652821989,-1.9915772590923702,1.655848345928042
5.929694202505336,5.525742381311324,1.1401412938672886,2.38156810987259,-1.213085671135568
3.154510513013626,1.2037438726353922,2.0231229362743304,-0.351512320298605,-0.8528301427590054
0.4269682506541335,6.028500194524139,0.9910228897881337,2.291727725973883,1.5036635904004751
4.359847441967603,3.073163086681133,2.170385420564456,-0.920727357178538,-0.20347537998787196
5.597935546660205,0.87696679639981,2.5596694815010044,0.8311088467900557,-0.06194259453721207
2.7229181249536656,1.0582433362982862,5.270115356508386,-2.647037368897471,0.17457771399348987
4.581573071231114,5.604738629652197,1.1227660196254046,-0.5458284616969682,-2.6327471135529055
1.166965467152958,3.32355147756248,0.03536311929061157,-0.01254171499953649,-1.0385823455762706
5.706581232317998,3.897466379880622,0.2786566988040352,-1.0426264761716624,-1.1655802493823955
1.837476062154905,0.9136505829442578,1.6092803092668309,-1.5330207801728075,0.4065793548329224
1.0172166672315763,3.9253908545465164,1.5815016105085875,1.725043890361234,0.11563134366027344
2.104227391761815,2.4264206590476745,2.660864567300162,-0.07416732617592314,0.6660129833725178
3.0588189982590133,4.019354526806528,0.28293629872872983,0.1768747968022023,1.6775121952674406
1.1358776490284834,4.567539803931298,0.12754691082106343,2.157405348643196,-0.07788973317875808
5.165562738513532,5.533405568773302,3.0085548705413623,0.5620920291286504,-0.9462818838031667
3.8677311007891646,0.817526128262496,4.617685876083348,-1.7674597252059234,-1.5420854311617633
1.313355390717398,2.0852571678500804,5.42818438931053,-1.5390190890091828,1.2758201997341059
6.240242275882304,2.903405339377729,5.531593169275232,-0.47414731500916407,1.0932093586508267
3.9305627371256366,3.4818426006912557,6.266629372066234,0.1650622598530651,1.091331265281235
0.2204264155932741,5.960834703515304,1.0875202553308627,2.5229808592729164,0.9504994213021253
1.0466479246581295,3.0849465655890858,0.1710120149282311,-0.4466222321291413,-0.8874840351627545
2.871387977852547,5.012259122340046,6.1487732446926,-0.8888222406623225,2.261007793290846
5.203419168291233,4.7522454811236825,2.3196018738835975,0.5671037004166073,-1.675155780097571
2.130476708893464,3.1364346494235673,4.680560673956331,-0.8708554653374257,-0.5019434774714826
3.647803819002481,4.1448772794732,5.934344029868164,-0.414586327728967,1.430318929884958
4.3593403879656405,2.669248378108879,2.9865441811352373,-0.4416887914468593,-0.8167106210930408
1.4439318395346803,1.1453707911398332,3.716613006265455,0.2749408107282484,1.539330018166858
2.622112829281629,6.14323299271847,4.509140547226836,-0.8988290529849365,1.7595004744456604
5.905094578778498,2.6088461797360147,3.9062185725801184,1.3056167290083376,0.27517967549423883
4.8754081686022746,4.137161162201045,1.5845047607616554,-1.1419765990934059,-1.507751847320272
2.9910826600871085,2.105500440829168,4.17036836326489,-1.601453839709016,-0.6199863171276492
5.039569445491394,3.8644956224720337,4.984496760613589,-0.30003819716164326,0.5198030207054647
5.383890948748969,6.0430317514483605,3.5292263575680947,0.3098076160251587,-1.0083258155162653
1.9291076066337227,0.8911640971527135,5.747233537434998,-1.9540142156672786,2.0083709263680376
1.874817225158257,1.8887398005754368,3.998054588757236,-1.0198559141959702,1.3672446363914665
3.676030770901784,5.824940847317445,2.2125339335688596,-1.1998256569395669,-1.3386457564842473
1.549459877592606,5.549798812499398,1.594347877075181,-0.0379710238197416,2.3959758350546103
2.9901649575344402,3.8222524693254605,5.653881890433626,0.8696353320643798,0.5558159466497256
0.7727708955538705,3.8236817629354514,4.073159214679174,-0.1278554923996803,0.3902445261900179
1.4755707645287703,3.9146943108651406,1.028752909943236,1.7130107451330039,0.35197837679569205
3.739993570250659,4.6548879363802795,0.6186924040584941,-2.2577852941974084,0.6936370037982035
5.377736265874036,5.8514324339557575,6.102971052197267,0.9021629923055717,-2.7581187214553093
0.5174613256699863,2.7142484319321505,0.08346317623664537,-1.1118371335332198,0.23197032325050612
2.588936575398009,1.6263039622145736,5.973877546230891,-2.0498935238043536,-1.0460571713229623
2.5389965736627405,0.3102549874152211,4.634799872032853,-1.4198884324793586,1.787330566257352
1.2205907357804793,3.5121998652579673,3.0891685980312076,0.39550809455561836,0.9389976277747014
3.579505669454556,3.2148754098097965,0.09361088638622729,0.7891335615355654,0.6337732064754165
3.733546654280729,0.3931499302743989,1.758457707069255,-0.4608025056081644,-1.7789171977800635
5.866951556572651,1.5164705400419094,4.186784190889626,1.9115291996044217,-0.3523962835425032
0.4405308829269201,1.1316453417943728,0.14863163747720307,0.7536959759189904,2.4151881242139552
4.383915295792584,5.933180848000661,1.6958711965820965,-0.09946689436753453,-2.2506501546560305
4.603157089976713,0.33689313397547754,5.262717682905908,-0.595640798192038,-2.6700860669395845
0.8736058835121473,5.639431997395792,2.936115406991731,0.6160633378381266,0.9701101959965138
2.202519650038274,5.145133936605559,5.331502006810278,0.8880794249189534,1.794088224248144
4.023531992117086,6.255266523408474,4.9535607541777145,-2.1816288069231873,-1.068025409734895
4.920568287608573,3.2090935220653174,0.7258049188760834,-0.9077950874309684,0.5228834869992128
0.7538841540289141,2.9726215618441474,5.22999697352628,-0.9970723911374796,0.5836966033013128
5.134511195497593,3.6321030548353788,4.417841359434504,0.4335701941264698,0.2789191503235142
3.352998875696597,4.226538916254144,2.3078319440970443,-1.6016240479159305,0.3064720697835471
1.897586161892314,4.735363584999075,2.6609528481205262,-0.37299898867682524,1.4202562899513957
3.695787675782623,4.851036203513461,3.86216612160951,-0.5014098089932195,0.08644299569693348
3.2075779056394413,1.4759458461953132,2.550613624202448,-0.4457765849594375,-0.2515518683964465
0.40692095745668433,1.596979534714788,6.024198986858274,0.325414050543572,2.2883306715120075
3.8038279866106044,0.9145112085148823,2.996445865246662,-0.6439220549606579,-0.6245357227312374
0.568940640974555,3.0999273168110246,3.033249176471447,0.8918148540582822,0.44234417366416995
6.147755617267398,3.6479325068443145,0.09521520451822439,-0.8344707818551016,-0.9469083264587118
1.7652702937196398,1.702790990601691,5.316636768199141,-1.9424792370416917,1.2577088049594853
6.125503377094068,6.154790754479379,2.70799087962698,1.1949345341120392,0.21992308323080656
1.0301959104570895,4.011073165266536,4.5449576667304505,-0.14936120064168013,-0.24975313208126876
1.321275765141729,0.3776685625907669,0.3655443052098875,-0.354738668347235,2.841420353931284
3.5471341215076033,2.4576434399113953,2.6843335770574837,-0.6987780916574017,0.001740254452963108
2.6643410295108376,2.86457079592479,2.154332464817025,0.010417529455863606,0.7600400072667044
5.987214076201796,5.151880275073576,3.002618621330995,1.0950011660642465,-0.2813979836862096
0.11933923107093905,5.501410079860269,0.909561088841792,2.7510035400371193,-0.25136587775171715
0.09694420717146758,0.03846356255712955,2.687501799508923,1.0365021039306628,0.5451030132751751
4.683760808827882,1.8136316569828477,1.9847451690799043,0.3608672213945491,0.022095048451672317
5.342545769558996,5.740671008227807,2.2614668511227314,1.3889007219629075,-1.102017863320507
5.52018870535781,1.8859995854671732,3.6395577893756927,1.2058965816322296,-0.7884273242878996
1.8611558640997357,0.41830786509779455,1.3694756321632744,-1.811156043354235,1.2315109525760137
4.822919752348469,1.299708350692116,0.09317360663107903,2.095174791027691,-1.221098575682357
3.754285822481472,0.08509024340071687,4.8502198347071515,-2.326079144449375,-0.5468713942948433
5.989078880808135,0.10214940385699327,5.902194199258921,2.7790007246186086,-1.0227768314194636
0.14816564173909408,0.7264628789356564,4.453277722966113,2.207706409757064,0.0984545556760218
1.801163824409101,3.126938886669851,4.86047905082346,-0.9488407313583158,-0.35907296628872776
4.022067553454481,1.5065876267889466,5.217635317473543,-0.15490153805823947,-2.4250771392246735
1.2830944745780322,1.9100139678796548,3.3225910089058623,0.2581660807077075,1.1378302372789288
6.085198341040435,3.5592288969501054,1.4186223576429793,0.071914710631323,-1.4123077675669984
1.6195259872049679,0.7514543711137041,1.821340090046012,-1.2631342821152578,0.8276025009977565
2.920988858829041,4.922426550223509,1.5372634065862472,-1.9642272675053951,1.2628478559951677
1.3295302578098855,5.745744185347094,5.265199766432126,1.9158856945084803,1.4588783158067549
4.134136460116515,1.8590246262453016,3.413309935163707,-0.5881568826953939,-1.1050885507904513
6.276410447609768,3.8257906081543744,4.864469271221988,-0.5168095516742638,0.0416801287901718
2.476578106194473,3.4578318266944383,4.1416310907102565,-0.6424346539122128,-0.33086801698134005
5.975259648525831,4.4706425116773865,6.155229009914275,-0.1963905502500044,-1.934840128444613
0.4219022464842587,2.015911512808876,6.18581878187467,-0.5459752524486797,1.7747536145714724
3.9977256879863114,0.7265746155646585,1.0691055553659017,0.23898454210941944,-2.225674287482635
3.332061871343055,5.56591898741142,0.6015928008739571,-2.8435414304914737,0.2387216429958164
5.083000899287733,5.0615595312628825,2.7779918264058465,0.5474718322341305,-1.2426289223122937
2.5664826912294685,1.9624911486237677,3.005921300632784,-0.7078216865804511,0.5102229020858484
4.812720026942029,3.7411116337607604,2.1881091978372837,-0.7948629631698767,-1.1980393704028112
0.2306127061479735,4.193204738038708,1.9434061006524532,1.6854142769458458,-0.6461379644121076
2.501262699171822,4.656660794882427,2.13559126372296,-1.1520982262092525,1.4957223012395873
0.9408335992427127,3.8939515349566958,2.9398658940018394,0.790452846722774,0.8123855068879697
1.3845523014253633,5.4007152004146475,2.3824328513544564,0.09461445077043773,1.7182137390435943
3.1712835569725013,3.653166798193427,0.6660994506889938,0.21298232057734912,1.4202164515663804
2.323210321863572,4.664296287514665,5.117186737289884,0.973954747563199,0.9321076404922846
5.817104721427248,3.6923346902141705,2.492315335400873,0.7417123339505252,-1.0690400838223706
4.177677597482595,1.4270585087886567,1.2074882809698002,1.1322466341894155,-0.9832981321843166
5.138960619248145,3.829446414001428,3.4931692293058334,0.5106084776585071,-0.5742988885019771
2.7054594742041345,4.9249447683936625,5.205976171188541,0.27909574227017353,1.664289171692396
3.945901893854393,4.586169962824724,5.183392682957888,-0.9116015724967541,0.9708139024194374
0.03821803289782269,4.073803692249096,6.0862156536472,-0.2811739200712755,-1.485534082693921
3.5113366573758418,1.632499549113479,6.0185882361683225,-0.34815696709623956,-2.2558510144702133
1.0268209547320393,6.0898535323278145,1.8272489741336428,0.30323850423374266,2.0584766084425254
2.0058881703482165,1.630623369343021,2.628546969017381,-0.3016652142796352,0.4137452568293665
5.504150755223212,4.316776737243887,5.5800274900357305,-1.1642033741146602,-0.7862535242960704
3.254230671698944,1.8765104259932146,1.1106775375064126,0.4117200933747349,-1.0679141613426513
3.4406344300340193,2.2820239806181823,1.6171983360551347,0.38312894463528996,0.04448622737229602
1.9009386433909323,6.145535767350392,2.8861117350184897,-0.5784303847385307,0.9295097159436605
0.7156996490464784,1.7526490144237652,1.5641375639148425,-0.6558861228434201,0.5020371180005282
3.1545792411078013,0.9089016188438162,5.917344225193421,-2.453580692232665,-1.3375632996490352
3.2051853597062907,6.116815892373729,2.394360811612242,-1.3327250648099251,-0.7122400364202218
4.602203974828693,0.9758315272389568,2.5162816952499134,0.4135237196220669,-0.6708255310407533
0.8269930929770153,5.439951472460234,4.303205749028386,1.2642527182750982,-0.19120511645456773
2.009850502048918,4.8499052320647875,0.8630008039422489,0.5441024804450862,2.441708467678616
0.016156056275839287,5.932171165945714,1.5389577523350109,2.3028601210013364,0.6210370084769352
3.209008893095774,2.409922089520722,5.014204784506966,-0.564907080906714,-1.6188723746020237
1.2295913015008872,3.2427310828939433,5.413077306539928,-0.7989207285854724,-0.47347514588575496
1.0840541694894776,1.8417906594859104,1.9018549067305823,-0.394012294919511,0.10458029604297003
2.744481775286566,5.690839381256197,4.545940330571614,-0.5561658166998527,1.6255735365925494
6.145260063191039,0.8669395781680442,0.10973850783687678,2.4047257276615035,1.2724565685362856
3.5200748405379327,4.082498394017657,0.7499870846717146,-1.158635958195269,1.4773156037085982
1.387026263074358,3.8741471426912573,4.715882413618109,-0.14694372216802065,-0.394625309315239
0.7810429071911998,2.1974688708484593,4.411707816620279,0.170763879213634,1.7607554338915894
4.371474402396944,4.21501908697678,3.880512160990902,-0.008021112355500959,-0.29815383121504146
5.982005847150018,1.8084204781748892,4.987818076535326,1.9961383899022263,0.9116264139699591
4.645352001108652,2.8498082362213815,3.440226669994396,0.2240331088938387,-1.059631784259827
4.920799606518575,1.838567234683574,2.8227183040008015,0.10800420241828546,-0.676631353884263
4.948440190428431,3.648202697421773,5.494513742762518,-0.39639152167995834,0.7633441697322569
6.055299294322453,3.688896653884122,4.579251531427449,-0.16047724847971384,0.4427671563314072
5.2386195402306805,0.8320378857504226,1.9939875208116054,1.270669691959404,-0.09774566568453269
6.003547279533379,3.8116093410977796,3.1940958748002393,0.9399107779429631,-0.22800128937625835
3.826118901221073,3.8199668681832657,4.247956852577326,0.21405673245014423,-0.2766477139918533
2.4988430638218944,5.411730064589245,4.300453419258675,0.08051486094891847,1.249884786516263
0.5524459856797137,4.938627632022437,1.5227310272394357,2.2983484314365987,0.48026395752308815
4.491494446353747,3.971249991382971,4.4517805326727204,0.14904851419682863,0.18581777160422402
5.542298373717417,5.604906990942501,5.071784337656655,0.016677948588147307,-2.1525414409815977
0.12235531124239801,2.421596566715844,3.94500426910603,1.1447622637089019,0.8890657969489274
2.2661241599057997,3.391977319169364,3.543695301999602,-0.8049656614529669,0.40381644326788
5.809388334154593,4.059970220420073,6.233132286445093,-0.9361271093597867,-1.2707196527554494
2.86236911294812,3.9609421570522287,0.5357444565004652,0.3713406358882355,1.6698572755390826
5.7991274714299665,0.11648444714102474,3.7033953494699428,0.8371191884971865,-1.0177370080804975
1.6954909144372303,5.797238263669125,0.08688040607040835,0.5000169563541358,2.890286105794571
3.28817754313775,2.358789859808027,0.4807781010611391,0.8030165458638983,-0.895032694514582
5.0768717048071625,2.854487023410695,2.5387591831203444,-0.2224417235450466,-0.80239550119276
3.824395050907393,4.4451168938660315,5.987971193711744,-1.299508834344452,1.2767034896169207
4.875783518690303,2.341171551322989,2.178979489970727,-0.24210777040038922,-0.15397345127086257
6.205128487695509,2.7659213235094815,2.9676640806513617,0.9075416993812067,-0.22690778317771293
0.5638258180421817,5.612948640127804,3.876264175418436,1.0305093985521596,-0.15952483973383136
3.0151421753325933,4.38257910478154,0.00339613843501858,-0.1138788734510024,1.9230177752883078
0.17771827251861982,2.7010400552266005,6.117673342279526,-0.8910617088770677,0.8519698938660882
3.6674201188137645,3.4288861610307406,4.899480271615135,0.6639113415583536,-0.31561698906736113
2.6915361218061986,5.960655691651662,2.253828892486661,-1.7059644027806655,0.13701321146728407
4.384390600207267,4.488407949480424,4.582171992375808,-0.5431376371769796,0.3538744053240668
1.9155254169980331,4.266698085316025,2.6761504135672327,-0.18687005382178745,1.376977796879237
3.8304848131070948,3.474170934955345,1.1227048826738784,-0.7923120551474516,1.0572670623654101
4.318560179279613,0.9181245533512831,5.462510479098207,-0.17518251053438227,-2.745523603586094
0.6883102253646216,4.531010148792401,0.7787502033899094,2.2174467504706463,-0.5202729289560666
0.4023031270297086,5.647331956091711,0.8340417566623882,2.7180705364181272,0.7251538992129961
5.112939773529179,2.3276925957387684,3.323385785724022,0.5621119633407594,-0.9783761851282026
0.6449141506795629,1.7312133227075532,3.5979271770674,1.0306896622392479,0.9897717140512633
0.2985490406508336,0.5925966846217652,0.9198938977740782,1.346346631795536,2.0432062262158244
4.7665427326317165,6.030280597809145,3.719146861310018,-0.5131265688567419,-1.0497401343543884
6.143722014667584,5.044455117130993,0.7508035417300433,1.9912674607755827,-1.7075547311631487
2.1176680047817844,5.584691848068834,1.0024517742905883,-1.1208041267286908,2.502042264594448
4.6467231640874935,6.204300645263177,4.650935110506814,-1.188522283776491,-1.7828651581867296
2.483602587990002,0.35114220498970095,6.103159064296703,-2.6283130573567135,1.3814485319315273
2.662745471603135,0.32290887851987193,4.726897962387321,-1.7344346124942445,1.6060789438600156
6.163879786412017,5.513119699763602,0.16587578960126992,2.3722884832770657,-1.5577069221224225
1.5018360097686168,1.8564071755140668,3.3833662267877687,-0.010966253738793452,1.225198983558144
5.2072411594003745,6.161392081935037,2.7043794415029607,0.90347751017657,-0.8133129190395839
2.8215664318240137,0.547190830629074,1.0553385679325584,-2.207852285790889,-0.8693549916136034
3.72054885477402,4.222806956573045,3.408314281909243,-0.5776718280615838,-0.4884067881194839
4.609899297944008,4.412763792583636,0.029722055474131336,-1.9540051132648708,-0.2395418525316203
5.354224544937693,2.8805324276255404,4.610699332748056,1.188334056676371,0.40285538254386016
0.8487095167601999,0.4955622724421792,0.2778900186095048,0.8342014266063398,2.7235620066717434
2.4418574679267873,2.960802532740242,1.7817676680186056,0.4923697372165472,0.6570402204948772
5.630258818161294,2.3300809442937753,1.8660791570876007,-0.23226913443719877,-0.004093477828885306
1.1515124160726278,4.267887051210748,4.283085302513421,0.0949835771534897,-0.12107749101177628
1.5839303880524163,1.2247697027914684,5.128201999017028,-1.0410602204082782,2.323255973662089
2.0603312512746887,4.735711804711452,0.8290669445333209,0.6280090980436098,2.3471439917390162
4.201100748807791,0.4047858454890587,0.49263898337342094,-0.21899000978450217,-2.792819852532878
0.606346878647899,4.211744898676797,5.832213122031979,0.588791187939985,-1.3655336007127339
5.692111365721391,4.644418044379352,3.125279782107538,0.843157241642426,-0.5673472115168661
4.810376401496247,4.007600996533592,4.543877450853216,-0.02370697511253006,0.2892416707553038
0.5292046679009235,5.338398315066921,5.903695221033,2.47832331565676,-0.6127901040883352
3.8151941748448412,2.34115208846513,1.951403303280113,-0.04066637692145875,0.21766922399799127
2.801201621489567,2.3057399418256637,2.8576002209107108,-0.6685640517527214,0.4045815219274618
5.409463145883698,5.6182054295973005,0.943429637347405,1.5020616944806005,-2.3269431303814643
1.5884459413000305,3.0202431476289155,2.3878078970968626,0.6350362267474152,0.6595579096933031
5.918440574257596,0.08230504787490696,4.919551381691487,1.819386997605032,-1.6325783311724853
0.08924491874469327,2.5630006264776823,0.4003794256226771,-0.8826646090344892,0.6480265808709508
4.369234446477754,4.749828655943725,5.382053243920199,-1.6460591333619752,0.29377523831128816
2.4530840350561887,4.631362537878919,5.0324256355323245,0.8242720672839782,0.9191066846846951
0.7878995751624592,1.165005821327402,3.678603798162193,1.1275258644320874,1.0302337249162283
1.829596957347967,3.0271380339924057,0.3257678986249872,0.3409118047926689,-0.9144192674991081
3.853027761194488,4.216379771735828,2.8489843135845403,-1.0482949788477225,-0.6730589028951597
5.00505018347193,5.044400079214956,3.40036895358348,0.11183586901196563,-0.7693794247376663
5.517794806371491,0.24141649289285913,6.012400717126086,2.2874066666053956,-1.9068381056298347
4.025194253975376,1.0919068594081087,4.945557756828139,-1.043976426787158,-2.28773881122342
4.3527381266145335,5.239040340155906,2.337544369477001,-0.5341799275189663,-1.697069976382966
2.0706771893803193,1.7437258083653997,0.5966139037457299,-1.5582250959094286,-0.7004767802673313
1.0777208541009136,5.4574225557290195,1.162539021350321,1.597426966961014,2.1179921306976186
2.2155371264708896,2.724091570062388,0.46274741757623933,0.2608250305260841,-0.9462906014901581
5.831637110746616,2.8570319835212628,3.03996013829049,0.8278288919695678,-0.5080834250123933
5.780429063377583,3.1447658424677893,5.404983138525062,-0.19333951372194144,0.9786481578078738
5.769505527536914,1.906491609890452,4.8943285464875474,2.04798066769084,0.49677214623933996
2.6304155196989143,3.8954096594097516,3.9643770857154803,-0.385595158280915,-0.1455241778974603
2.0731886692425396,3.5594875137790347,3.908272658527833,-0.679007810999787,0.15493171247500812
0.8719748879875451,1.6156605421232273,4.069345302444704,0.8123847108042607,1.644320273672942
0.36617715150482577,4.051584079887784,1.5542177233999785,1.5952841400376285,-0.9050689161902399
6.057633485721782,5.964380220194199,1.0221065572568178,2.7181631893216283,-0.28173034073600484
0.2588516960854651,4.685093113734351,0.9477942058878505,2.12053488281485,-1.0988655544394947
0.8791150261356493,3.0017778656954563,1.3327036414727602,0.3793776757734777,-0.7805992699596758
0.4297677288575612,3.7500523370509784,0.507886101319385,0.37663409702427253,-1.4445412832153712
0.8447745397780723,2.029917314528902,5.099041523698987,-0.4201587503587741,2.00440301372757
5.759921235133713,1.0425984654125284,4.194667466815287,1.7359553002796557,-1.0034064079124132
5.520161555142774,2.3788880489989945,0.651257938024434,0.03629361236812323,1.0750785288177633
1.161413712633158,2.1321587726168936,4.335371492389587,-0.36728717413327516,1.7407570101768644
4.816145924113036,4.098696365810827,4.123520466732317,0.12145927380222643,-0.05183945619466063
3.190176601407963,4.126703247455211,3.640159950453018,-0.5256969726201437,-0.18862732198483612
0.8734988173660558,4.5391979473920525,2.663736955782938,1.0659794720103835,0.9772959115118918
4.940622090994979,5.440379814186268,2.292630488245591,0.6439005734718527,-1.6840315545708917
1.0050790396547784,0.8244089330298114,0.5245556752958963,-0.42537873281910876,2.519555859159542
4.211555669386865,4.3372269747883205,4.77369130024274,-0.3928742627900983,0.577090145357485
3.049137149391907,2.4395193252112573,4.766325668804941,-0.9698330691883356,-1.3592788860840066
2.508145167496945,3.6268396367922495,1.6943293997755786,0.20771167652322894,1.4439640885803153
4.7142443571587505,3.276900754484185,1.7176730208559234,-1.0948094849754484,-0.28962666105406415
1.0478894997950183,2.3457415015395564,1.3439654632830544,-0.44380066385176964,-0.3826895618315993
2.184412957681072,4.670291318910408,5.4212885468485466,1.2233880252137457,1.0721668387214927
3.8507170297927016,1.4307368715217708,0.4130123201599234,0.6115648706063705,-2.048870890158036
1.8109221305798198,4.028732982482833,3.311787182913478,-0.29745825239708135,0.8121220733897083
1.987007580741556,3.0368074372061034,4.677628309236765,-1.0598533214287778,-0.3104196429706711
4.1696723096076695,4.79777338920257,6.250886097590228,-2.2962040862295723,0.05554800838847784
3.9194560639327842,1.003478987590688,1.0196118792244193,0.4391209926022426,-2.0137646760844516
1.2037354896051033,0.1831697336992168,2.723327150957915,-0.024691024604336143,1.0924098024510647
3.8116712102192176,5.634744784726036,0.4316641722833674,-2.6825446372468367,-1.080620524611113
1.2743157152216713,5.003680010937099,5.810543246081062,2.1801368566886357,0.49132629418185264
2.253998143644889,4.189299320207151,1.5194979270393256,0.2473308161141281,1.9290700084818169
1.8878763019243947,0.31790510612200423,0.9702749298662644,-1.9043651220818383,1.7207735955809194
0.5723383613640488,5.85246366487041,4.52298343867153,1.7828552851026205,-0.3161152585492133
2.5019378845463778,5.595323821981878,0.8881453039097837,-1.9482087027504338,1.9928418137321364
0.7942245642456388,1.9655168019819382,5.000059608140996,-0.1330967624084472,2.0815277013443696
0.42847081003223775,4.290786642260109,3.740957372781884,0.3466946334134213,0.2373040021817674
1.780940625460526,1.6718448103080044,4.26041896406299,-1.0202573481424562,1.6619137178392036
0.4373487839338567,0.49466216630037035,6.0719805504231665,2.2533723897552704,1.8863503708939935
0.48501815492611927,3.431782438607683,4.819798289256984,-0.6020128550028879,0.40149155253676
2.2175698049420047,0.9407306144980356,4.309007350143374,-1.2253651620278723,1.7074938095405656
1.0535329573900754,1.5289287673426901,3.156148368337,0.5021343804078248,0.8815705804690034
1.2999872872945935,4.712040855392075,1.6272100976699697,1.4440693999640175,1.6727393937382147
2.0750809853391705,2.9552087243832754,0.712908946727648,0.6871074434960884,-0.5884978901657184
4.246229253295647,1.0026078167966617,3.8468266204225254,-0.8847018251033492,-1.4296253850164444
3.2961218710282467,0.9764890782500188,0.2839209504695237,-1.5690495766262362,-2.0466399815495695
5.0364771820336545,3.062341398687059,0.4789115330168942,-0.5861517120419162,0.771564146989918
4.678357454632756,0.2859180419991915,5.706258036752111,-0.10414097659936014,-2.915502662219771
4.916671729765694,6.007699743953019,4.593826724099736,-0.8503263657152769,-1.788044704139624
0.724707034621662,3.617610317168464,3.596701252742308,0.3020769334065917,0.7270012236895924
2.5446818359273813,2.1443398238578184,5.192812495746103,-1.7477966615066984,-0.8789452086596925
2.206043769177061,2.440299847529863,2.01403817749148,0.27032680073053406,0.17542058873282335
3.7668665673217427,1.5317557038760423,0.4777851562146574,0.6167372889396064,-1.9037124443888984
4.0609768123406855,2.7009813222381833,0.49835469753747236,0.8406567599226532,0.494355865147503
4.278296234952732,1.011718350656151,1.213425080468419,1.1012907443595454,-1.526535667295442
2.9401054365239383,0.04169823150295036,3.7656008659104554,-1.072859499850376,0.8069613590214555
2.3712515440609363,5.482894241651719,0.17898506731328037,-0.8960297944865164,2.680375722473478
1.8086366412142998,0.9387497776727937,3.4457953301767588,-0.16295359682556232,1.2660424042145721
6.080105543799282,5.441432378931931,0.09198414175453797,2.060860382767894,-1.8815964661697409
3.799946473881883,5.7501146094130995,2.363818340258415,-0.9885890953576272,-1.343938916951419
4.2396865146163725,3.794298295201822,4.437994471136118,0.3612216853413409,-0.0007492291345606444
1.6670568594223008,3.28292362295644,0.20839733447912276,0.5706007360342051,-0.8787217036885175
5.789148410106801,0.6513663428594687,4.859228759658355,2.1675756759476608,-1.2715988324172671
2.6937382058037125,1.9821933863868821,2.0473524739607214,-0.0331179894429775,-0.14027410953518793
5.065298690930845,3.989249296126539,2.5082761376656797,-0.04929985802714398,-1.4199230366373914
5.535596818434001,5.151122893132256,1.2512845446402434,1.2383517896497027,-2.2203786151882805
0.8719442007821047,2.302489537345658,0.09582163649347428,-1.3478558235490175,0.6044379502589246
3.4744322418074676,4.058775119833057,1.8387214244933265,-1.6284207563179112,0.675088060803203
5.2950278459523625,2.740040506101617,4.683248577291735,1.358609062013914,0.2999972876958213
0.9932178794411077,6.12690783533329,5.57655580351547,2.207256338302119,1.7103271554251527
2.7327198221533844,6.132322354076138,1.3111900635620097,-2.495661771603741,0.2458355280950999
0.7920587972468608,5.165480827144643,5.095945834980443,1.7077045160988022,-0.6064433769685282
0.15536634577339078,0.6653986764236978,2.657844171815945,0.7258711593236468,0.5557366311702241
6.102465912917469,5.604295003383774,3.8011368213396746,0.6563942943793911,-0.7385916016802038
2.8702079184345584,6.16681707837148,3.1809720616239057,-0.9492324670356403,0.3048053836299363
1.3696679301345298,3.837784512096088,1.6859940391956185,1.4943609743509891,0.6729847259650344
5.639864430142938,2.360518180008524,2.501563732727278,0.18040572562904067,-0.4911729514792046
1.4810272222041692,1.0338656300400302,1.5312072242412655,-1.3383916934025433,0.7963275604337963
2.694959855479471,4.31821414673978,1.739784722298062,-0.9394153196783215,1.7212032130482942
3.941793388828732,1.3147991565563055,5.4980323725786935,-0.4174505017234103,-2.544147705378558
5.120152026588066,2.792425767553667,3.7494656170039353,0.9562086857142309,-0.7057358620668982
4.168388348075386,5.819547745037344,4.608920215045605,-1.8068063195761086,-0.4933138830106806
1.5456618212409228,4.848101097500585,1.0327288407013213,1.433612255599052,2.0200458309925153
2.6014554512128467,5.716554223329375,4.754700270891127,-0.4306662527443439,1.8934898130078557
5.658419660533996,4.567059010357544,0.8716392673274419,0.21626557299193827,-2.297600181085626
1.1694301464444166,1.8704781143411493,5.579453427055168,-1.296969393927994,1.743156474992992
5.973318820103632,2.256191985863124,5.748087581321553,0.7445016707195558,1.6126781143041318
1.6859684450763184,0.5559979726189564,1.2692004744061667,-1.6693015954454848,1.4152510888977792
2.795238994254544,5.195551460122826,0.8519118956259548,-1.912322604385426,1.8798854491216983
4.925063986841165,0.9365559377352349,1.334469518171797,1.7349752492854065,-0.595376262301274
2.114315495901776,3.1746151527855186,3.0531657417068283,-0.44098496404541904,0.9007596843646661
0.2801436987518518,2.09614644487008,5.0927106791737655,0.615384243848548,1.8960545794430077
4.292078472652552,5.755799453363342,3.5898025447032578,-0.7411425039041222,-0.6186889977877907
2.743862164164734,2.3336039514732443,3.4726334747939798,-1.2061647527214285,0.22056805747854213
1.5247293410051463,1.022380510742411,4.562351437157428,-0.10476844433947896,2.294432477050206
4.8142589836189105,0.12158792921321762,3.293201650484958,-0.0430380054195737,-1.0394696244035704
1.9212040310649956,5.706312723216423,3.0270769109774944,-0.45315810478004237,0.9712718837794037
1.7876359199744316,1.4938986607632518,4.840453956708668,-1.4701784233601087,1.8013972623753807
4.268063699485099,0.28434144034004777,3.338108705417148,-0.6256751130753402,-0.890797982830986
5.653057644163521,5.771911223971935,0.0319622412464463,1.6694361917949263,-2.3939151875618174
2.060937276077687,1.6007269964141795,1.302953534987155,-1.0889709579078641,-0.583034368263661
2.0204619989413404,1.7976035982969176,4.1344399397930705,-1.312814717107845,1.2696963423769914
3.3462906550602436,2.726771365735914,4.4767050388897225,-0.43230356229798617,-1.314114845558807
1.8887184242674657,3.400585501218336,4.174731658096372,-0.7663821829837396,0.07249011652259499
1.7842231201607457,1.5929740334349245,5.475581186564066,-2.025003822594202,1.2851944481002382
4.522029652144923,6.017145109558056,0.3059326977359827,-0.7798304695050904,-2.868282627469064
2.1002230824670285,4.744997403091414,5.058821403508212,1.12969594955887,0.7810512720495206
4.003822681704663,5.241053509074006,0.0679753672121178,-2.628349887732668,-0.46866984586832744
0.2529181201217425,0.7854620021783852,5.3664207918927875,2.468416857100974,1.2331294248724856
3.5113185461245897,0.40715672406068654,0.21070217599114618,-2.196236338210645,-1.8971180176689768
6.248774856318035,4.152238314789076,1.8560635393831222,1.391811512258382,-1.1671841990253309
1.3244427096882108,1.9016787443457344,2.2647122530738364,-0.05038736674051947,0.17337346342547844
5.443935833715322,2.5444416693744047,2.6375858648651676,0.17277720552261178,-0.6856274737003404
1.296587465430835,0.3465594576079679,3.1875931239307653,0.3165729186606499,0.967018881304696
0.47508707394428273,3.566546020058075,2.7049295840077674,1.1622226188133211,0.12103570332515995
1.5083158482363417,1.4925507997978258,5.159495344161396,-1.2292841308632745,2.0917422417476845
0.7316913350771377,5.921202248580827,4.05950179271623,1.3970688777549636,0.06930038117561044
0.09582711428135875,1.7211872995270652,0.2919859534595285,0.23907948506170185,1.924152336494068
0.9221606587649293,0.5099753054587811,5.1382838469987036,1.7013471895845607,2.070611892782563
4.804219367283147,4.027459269828744,4.444062736982783,0.02126091428150889,0.21450359872208513
1.9017481190263534,1.5038419674409418,4.3533719110119655,-1.1954211980988063,1.680280956652782
4.72940794774472,2.258530220767119,5.412068046996521,1.7649831600877488,-0.5176076405460468
1.3910773826989267,0.25056868510203,5.011837768468749,1.0401819206427894,2.343278920738723
5.805681164615395,5.787221211870784,3.9915576822320373,0.45819676331917325,-1.1632157862307189
3.5037003166227434,4.480934278856554,4.709394894335928,-0.07357117098949661,0.7645434513271137
0.6192734533952478,1.9113179875426993,2.5918790034651336,0.39391038497289294,0.23704315394871578
2.28758535420199,4.953759936758379,3.137918205492189,-0.659969554862686,0.7560375386606419
0.6079946672539969,0.6607360488777616,3.0637765615803074,0.7474774786719076,0.597238156141136
5.131236076434524,3.969157828742476,3.8339408157888504,0.39192187873463435,-0.23511685208424665
1.592143297467587,3.206100223319531,3.3600730411045427,-0.23525497436077336,0.9575018580713922
6.094903170535474,0.8360296206319859,4.93923107582799,2.5470525489330753,-0.22509180741402696
0.9323583123294698,0.07709141755282278,3.29076595289162,0.7276669169206573,0.7333142781152273
0.872936807642299,0.7234697901209911,2.488536580938159,0.029892635235506115,0.9563617811956305
3.8185268194554074,5.158120521784676,5.968673655015413,-2.4037686460959007,0.49770958486945
1.139151847537715,1.1134559351623592,1.6885662057441901,-0.9088424971583982,0.9676470570950534
1.909621405383968,0.7954947338112892,3.183747526748214,-0.3153686450625989,0.9817128065400635
3.9802069906286497,1.7545355789641448,0.6924973388130133,1.1744855066933435,-1.12151963056039
0.9002478616752796,5.647217765244534,6.2387432436908625,2.562629268165945,1.2627673761285478
6.117703104681992,3.843522274498031,4.240568829009327,0.06222697421112397,0.32209874608523614
1.4952575719766363,1.6621680048555258,1.4146666454791919,-1.0642446883230507,-0.008858499159869027
2.707634183868527,0.3613079360980001,3.730308150651498,-1.0349028753043736,0.9865136808701886
0.8689724213106136,2.898897411462751,4.958619683521887,-0.9305472502637695,0.8204410573293002
4.021378955555502,5.601585182737552,5.62323932663821,-2.5130110006033326,-0.5219697469227299
0.9570490390044514,0.47219666420280926,1.9512263791655517,-0.2545904413478095,1.5708799717819102
2.855632140966884,2.6170546935235413,0.6899718159398156,0.722491606124609,-0.5627867519529088
1.9545297920285478,0.5437697058728487,4.356623206642926,-0.3335476182951398,2.0682009225309606
3.5071733464913355,0.19439870685253433,0.5578246714364954,-2.2188403298875863,-1.7878019625678871
1.271657989332168,0.5760171962505235,0.8892516598445757,-0.8978918219357138,2.3112156558358006
3.5458297389031253,5.205426082354526,3.771154256720514,-0.7019984504275377,0.186479031144924
1.0182532096984735,5.1348876419749,1.5601668955405132,1.656620112198788,1.711636024082937
3.2429978816375753,5.30525179910048,3.7118593661318107,-0.6812186293379033,0.3657944245931214
0.11950435010667378,4.1282353120432225,3.126733549698233,1.0061016149752775,0.11246315879154667
4.201313593998109,0.5611019067847639,6.101231104833372,-0.5706551620204647,-2.862278116684985
4.135264517557054,1.3695176935175843,1.2606927779578054,1.0523545769965246,-1.0763694156062538
2.215702505558129,1.35655261118053,0.923252222902784,-1.724998220155862,-0.5948899203207104
5.351350492993034,6.191448360714311,1.910530019817135,1.7484540086430078,-0.8815337783031063
1.2657447596369806,6.2797853601780895,3.2879209146320907,0.4425119789080179,0.9197494875125249
6.009122206832773,5.175855336721311,5.438238734403228,0.5413620140119089,-2.0454787273764126
5.677668058743076,0.9403761760281478,1.6692326065611898,1.3468007124518449,0.6670356397638944
5.140423863842002,2.2056961996985267,3.038310520483743,0.3275890849311295,-0.8549890411315395
3.915799040585661,2.5444811689723177,2.33011938029297,-0.5360567512618747,0.06969872257160326
4.404168047452371,3.248232795750692,4.28997951443831,0.7084079768700499,-0.5574015937245768
5.533939685138493,0.09834964575216092,5.163583092384125,1.329366991174269,-2.267111795804882
3.1920849966502916,4.305815862652406,4.564363106546697,0.22548434939795026,0.40377397450700364
5.236430680566735,1.506610089579155,4.8438934935699995,1.9539907575583666,-1.252168540175419
5.4887816686102155,3.1265111996903174,5.602906866972871,-0.0701050623488576,1.007204834507047
4.929354175942932,2.23842803996072,1.3556965097798097,0.22827665506280714,0.5812382780177181
6.123348977025039,0.675528263619534,3.7860964352159074,1.4580449688283872,-0.582900957388002
3.3768915014648977,0.06392453811023231,3.1757077279549755,-0.9830551506460203,-0.20071225726383912
0.13861617011087135,5.273041888414895,3.1968259520726994,0.9491404484083539,0.10147230391188311
0.08514596186446262,3.7838568734232343,5.988313344446346,-0.6584264139405812,-0.9990710288643977
6.132876762329054,0.9151233114509173,2.451526269979924,0.7130279084134087,0.4679813617616084
0.6513752353331934,2.902422337896745,2.018840858041502,0.6370163700735406,-0.44659830280188817
1.0930843056848945,0.3426739172071203,5.987573224827753,1.0118383224093281,2.7876398571906824
0.4890272422188305,1.297784075984067,0.8635741128058901,-0.21331276040369995,1.9182174318007408
3.960960051721381,4.529452572166144,3.8387885879170525,-0.30500562798625896,-0.16144427864930605
3.8052378822448083,3.3223512248834863,5.42363291687739,0.8763103304637879,0.11643477719527162
2.5448465706843186,3.221329061002094,0.09623979251603787,0.9549073300401629,-0.340792247709158
5.267123515293968,5.538548701326113,1.1823005112171479,1.1752945079902806,-2.378746146508912
4.151149112937074,5.89583136834039,1.2100946079315038,-1.0863023936431295,-2.395425256241296
0.4280723223282271,1.8058249179923573,3.686137554376218,1.2289863914206527,0.847984015323779
0.9513280019711631,0.31726254261635367,1.342725368884292,0.015561973601227574,2.27464167111894
5.4524287625203005,5.52970463817685,1.0957315350627,1.5439119463414128,-2.207658280507922
2.25512026764585,0.6222183526639566,0.2071128003647936,-2.5958048057419285,1.0931460054072895
2.6239132447042426,5.128296476570753,0.45827903061535363,-1.116376691856607,2.4268122200305844
0.8920420522248736,1.0993971340398716,2.1313247511948292,-0.33657287908833455,0.860032805479041
3.898965214383412,3.441721482907631,2.9651937093188105,-0.8718944356508529,-0.5873241818805969
4.7223484794783275,1.7362545614571163,4.924525872070608,1.3725385881454346,-1.751266925290652
3.302561578205095,0.9555289876921869,2.0579568148117287,-0.42644436078066383,-1.0259876488328423
2.611296845347251,1.3733214759556867,0.15133866521731298,-2.0729001741805066,-1.0792833587850785
2.9496450967846677,4.293667224193478,2.9952724409269007,-1.09495485311559,0.28312874790894904
3.8557376168816435,1.0877254596537498,3.162662974826176,-0.7761114803863394,-0.6600128513188436
4.146696200590409,5.43253555269025,3.6542350742047014,-0.7384749386264524,-0.37935056840640646
1.9760744926399938,1.4555669217814036,3.356890564343459,-0.4774976395764108,1.117104618882303
1.4247260642404755,4.368168630009435,1.5772628695744932,1.4929151509256158,1.403690974352679
4.148757590138104,2.3647955681996278,0.9222706963215748,0.8454007153556433,0.2968536631263301
3.4595608030473333,3.7697614098843917,1.0770863110863256,-0.802201105567411,1.3979139743152942
4.425560214034827,2.8898959161213233,2.964965345886161,-0.4257740280603062,-0.8556730831623738
2.861039427569509,1.5260065017416744,0.8722466791515477,-0.7604912692529802,-1.524792711050393
4.844539167687827,1.5767616455912186,0.8195809244301777,1.69764861844115,-0.035735799285879
2.4889562305091544,0.20503127986937655,0.5852185935966583,-2.6865179081638613,0.9029114408522372
0.11118848816840947,0.3042012040232521,2.148664106157314,1.0709751753684809,1.0604696649866523
4.913526198677684,0.1828050800796097,2.508456884817033,0.8209848246986489,-0.9379235122677003
1.0297384788413104,1.1140612412764914,1.1797981406628224,-1.0105978653681573,1.5164387544072309
0.7390921933256084,0.7895427728840637,2.9576133783152048,0.5570111463804203,0.6981895987971124
3.239901090180489,5.1569181648187605,3.3660040087516916,-0.8175817692962093,0.038273109874570665
1.9032085370997087,2.250456761265319,3.424778472081695,-0.5843639840782577,1.0596045519471293
2.21508109350813,1.9479901752775397,4.633077016144574,-1.931566250462065,0.5346855581423549
5.322162888833789,1.5747203760730168,5.870937120655427,2.3699836315970506,-0.043792963606142626
0.6099550461720731,3.408986550681726,4.4430387236479545,-0.3907443470536057,0.6245764275716938
0.5395944492076685,1.5860100912042794,1.1235759649679133,-0.663081179686147,1.2564091757655902
0.9623827899870382,4.524383739355396,2.865028792552681,0.7933319210674135,0.9843280220007192
0.899126177903562,4.0733577780147145,4.641773832199336,-0.10263578812742491,-0.37193018100474007
6.200574386654107,2.6266287774909314,0.36065701241289805,-0.8021789117763853,0.7148298483053906
1.6359790271519767,0.8600341137785102,0.851272280355578,-1.842807507801374,1.3952924129970872
2.4871652156037873,3.6559165377597913,0.44424696251657264,1.1509087922624577,0.7685354279836388
4.689320359843752,3.3378703939919636,5.485277339099153,0.38944211673551077,0.7964421210527475
0.9223121880534789,3.8673271753503773,4.419210302776817,-0.29562539329508697,0.01423684761529187
0.8423468386659568,5.489653223496966,1.8148629319531582,1.3758101485485192,1.7524188336856903
4.973020951000408,4.053549892604665,4.080987318569842,0.19303105146835664,-0.06330675599137214
5.098109151544914,2.7543469060530503,1.1217884901126425,-0.5224628893798959,0.5089168932629584
3.1805349582769074,2.5568056390246197,1.2953803811202174,0.5874525230615532,0.12322623969157176
2.186007985202377,0.017906103025800764,0.6350083139818191,-2.123336484756524,1.9209082204238175
3.97203124260966,2.362523622112757,3.1819065147315926,-0.6716711908190792,-0.7784353517938827
5.38981558488597,5.181818282795677,3.2388484326595073,0.5363394931979868,-0.7435519224438877
5.884682115631509,4.078459413995936,0.670274007142072,-0.2911998129249241,-1.8359051486411442
2.774309560040359,1.6519177510161396,0.3799764444704125,-1.1219012277854368,-1.5958559595586546
5.70242909628821,0.8930294007195118,1.5298994312204757,1.5196280268743152,0.7219692419397562
5.0260076935878395,0.7346539468806906,2.168743583087677,1.0997132118935682,-0.4531350675402581
3.1342316119179636,2.1034261582868994,2.7855422932790925,-0.6669393243262062,0.12788847958776595
0.688215142989576,5.3864296031867935,3.4233486505644635,0.7533940742565842,0.3549772616839309
2.1463365669817986,2.813681549398317,5.591701935011069,-0.7286053895418008,-1.0337011565089302
4.946667554832749,4.216934977531552,2.8235561945093797,0.10294849208315104,-1.261830310839723
0.5185339840862411,4.178481036508093,0.32651728965903937,1.1593205951119134,-1.456258620248355
0.7477778137042892,1.5187967632717785,1.6383158438104868,-0.6303413650393513,0.7562581834462954
5.694007519459005,2.8363122357266386,3.434021856938889,1.0296446635200114,-0.34212347900673346
5.882469466936795,1.7441567725630627,2.4294159755588662,0.33890172852383815,-0.005977514049041677
4.692061617688633,1.370761264771898,5.62921399104523,1.5970004293226376,-1.985492966267594
2.1321927026159733,0.7922037219286998,4.626421083283111,-1.210332717344181,2.0164017708603517
2.625928266878985,3.9473843509290942,4.6703697633418555,0.3338125923085809,-0.19019158392533875
1.3736076896591745,1.517609896993284,2.4599374103657836,-0.1767011198794486,0.42555650818268786
2.974279854894314,5.616956247961181,2.7054624488483983,-1.3616996490852815,-0.04815331433642678
1.775984951410221,0.8855684223610034,2.017916616759292,-1.123641659454804,0.44137836652857787
0.4251228310925705,5.5742868244760775,2.0107407725313626,1.7154584725795552,1.1202808192678317
2.528830737301241,5.35411638443695,2.0309906921112684,-1.7297520613313293,1.104825168125143
4.886861708551702,5.713417494984729,2.7189666928948673,0.5182343045971646,-1.2239614263870218
4.049581562562103,1.9675930896130622,3.8638103989910277,-0.5482348661883536,-1.4916986308131213
2.3225842027486565,5.751706237205453,4.728094320596676,0.07080088996398903,1.94012816406138
5.835388463320932,0.4223872172243271,0.7113719732114697,2.6748902439132776,0.1750304310051109
2.937170417862861,5.40554350502423,1.4117519795904558,-2.3948288198656504,0.7621824343495711
5.941402720213953,4.9379584983767275,2.970867874749888,1.1092236386390693,-0.3693069506151341
4.535970510726819,3.5714301340705292,1.2686255225572567,-1.4250318621821687,0.03231478622668312
2.3211460917137243,6.071940713345271,1.0668737589045731,-2.194644076863613,1.5544434670788247
1.4119711004337168,3.445587838352223,5.9704313034242045,0.13601820127840866,-0.9880581959964377
4.524422371830037,3.088825360014204,0.8948113711597268,-0.5568736504906298,0.7823865928616395
6.0833909529630334,0.09514998348097067,0.22644446745060684,2.967228718880543,-0.18142210765331485
5.969078978091135,4.875380775573036,1.1259717273809846,1.6281545561247228,-1.8588568075965504
0.4666296276454635,2.0077775610015927,6.177144696648074,-0.6081378817999572,1.767103884570635
5.982971900144365,3.9424933672037663,5.614271053156049,-0.9078626277782833,-0.6083180785823663
5.987037411587783,5.083468841447817,2.3712232255508447,1.6720510098466796,-0.5212583972569858
5.327231217421198,3.659531590520994,5.930113110756889,-1.0318381443323346,0.3183965520301974
1.3588170080242106,4.138964346245218,5.616150311432205,1.0355792499066128,-0.7224984226473888
4.558850681088178,4.526493143979888,1.8928033673875022,-1.1133051937656808,-1.6551307171676335
5.3571699487152555,5.058227074248081,3.7659898019937925,0.008645718573825699,-0.6365744605567066
2.827012175378661,1.5855829779579913,5.167261816690366,-2.234248836072263,-0.8004379937830057
1.068454684077523,1.8943423647798767,1.1300072508901082,-1.083276485367611,0.2401823191384692
2.72892046709028,2.5354068178696476,1.4569989696294021,0.5138282501543369,-0.02619442529822269
0.13676139070215915,0.8452938960798974,4.789971204116521,2.4181554033286785,0.4787876529570698
0.7884968850322095,4.922398271617659,1.1703978892649032,2.371977780326284,0.7308155108505047
4.500793951629417,4.486898823608457,3.544455914373131,-0.11659448689450147,-0.5886119404376066
0.4519890469977971,5.475996800630207,0.8510019281552786,2.716744523321383,0.5647159687462247
4.422334781339075,6.069352505042623,2.5869152897501313,0.10281550844652787,-1.3438168234437025
0.020531510740661185,2.49555920921378,4.074913960239723,1.1421164227942824,0.9090155456822446
3.6130075709656353,5.580689801054694,2.5032107186292083,-1.219108813160867,-0.989100051564737
1.976127310480352,0.9819887021541986,6.161116939068567,-2.3312214217169798,1.402233874708656
3.5001665398797437,2.0392487836870625,2.1353542887878736,-0.022222722005918738,-0.04402184909310458
0.3537071239234513,3.716722213326006,5.961197531490155,-0.482120122467083,-1.024827948157116
0.8240720583415089,1.4434765742085487,4.704723952583201,0.8093346454685149,2.1366811608436542
6.224951423490056,0.6224618181560202,4.009452467295401,1.7050423987386956,-0.5138327762696066
6.248555534250603,5.5700432093432655,5.100880379915042,1.3810055424857417,-1.6507796767129062
3.6001964305442438,6.254789786062971,0.473367456678057,-2.424355437231937,-1.6453012720524736
2.998397122604694,5.669199022148117,2.5021453307779473,-1.5432516788490749,-0.15528854324045993
3.5980452594940493,0.7380895171210021,3.162192047037894,-0.9168567307548539,-0.4333954967062892
3.942639572106784,3.4684836872998916,0.9536300465633499,-0.7562820476012235,1.0578129166239951
2.6800054386202405,0.8408469817707748,2.8513877140116053,-0.8282484379288193,0.16407399741889545
4.5472909689447185,4.319511722814194,2.2823646536038016,-0.8596880214090434,-1.445160362097163
5.416824778343989,1.8854436984256702,4.479088282423513,1.8791294692677556,-0.6171842084862013
6.00934053180939,1.330621962947298,6.161088107905214,2.0484951063912105,1.4047494810479946
2.686442689073918,0.768871066459581,2.2056158127631633,-1.0368212157436214,-0.4518728084135999
3.616821021225472,4.030916512462471,5.9093139670500525,-0.1362827102958979,1.3576648282373003
6.165301124608112,2.795153638536191,0.9114351078399697,-0.8027647166746402,-0.10215673246572393
3.5404123710278412,6.023871459718989,4.1545022296364,-1.5055232844267754,0.38636319469738634
2.9228614553270975,1.0966335399069853,0.014212853770749148,-2.242707003120576,-1.3308107690303046
5.614947384571166,3.237268195152986,2.654552880750662,0.43361831036587717,-0.9499772407947783
2.886388971200623,5.121213713109662,1.189210372955151,-2.0947577671143924,1.4666615208490048
5.364057431160526,4.520080445594045,3.9905349709075493,-0.030332671855131,-0.2727016442755006
1.3533753642917148,2.036779478546182,6.159203980255563,-1.7458049521111438,0.6061875792005653
3.8768632815304596,2.300243674426091,1.4270814599841861,0.4999333193462157,0.19229614850950305
1.9013516508208443,4.15855360292079,1.6725866840373729,0.7717991147861863,1.7170620090815598
2.7286052911329355,6.104051119509585,2.822248526617238,-1.1330964707440723,0.16906752492583943
2.8193718859433634,3.5339111424900818,2.816372970973492,-0.9186228624039212,0.6390775677278808
2.547949952167897,2.3771379957029843,2.8536653042815345,-0.5426522573676968,0.579091146565362
0.8810724306838844,5.519374418961189,4.936051955070863,1.9638154959237983,-0.05403121461724136
3.917638253764377,2.1723936393236714,2.82173718312302,-0.6035569073738591,-0.4016162877393969
5.885025902904021,3.9752397177493406,4.673674589399942,-0.3713325384160034,0.11273776706968042
2.6337202129496324,0.5889817254631159,4.088941325264974,-1.3543533778778278,1.2618030432542255
5.447750903414919,4.432568608214181,3.278855349254261,0.6022099325775213,-0.6228477124427356
0.6239578132126353,2.823650068086023,2.96114722823023,0.8501573307244533,0.40823045782465284
3.0206943287380894,5.102785105930991,3.770040265599768,-0.4768999875816574,0.4612906820599789
1.515269594038643,1.7843380553517447,2.356457466010602,-0.122322602588672,0.2542851893821757
5.672584255898845,3.100009576671229,3.041091835655134,0.7543995213826535,-0.6500371430709121
2.742374187836457,0.2412427800764664,6.107606467587935,-2.853797377353091,0.8734215116086432
0.5290206872715917,5.289252630067646,1.6652098843463106,2.1192428489193498,0.9884909956412953
6.182002042084913,1.844677226247438,6.157894206921267,0.7756560824153157,1.8829906096958975
0.11713392863250806,2.501311047748262,1.144080636263821,-0.6864392239094864,0.03468132274379021
3.549005828211791,4.63702021948668,3.0204477151246674,-1.0347858076599261,-0.4287006911942344
4.486660002021555,2.668066123273695,1.6423112773419437,-0.38952539920644286,0.37800794588704756
1.1990405520468481,3.0226146888560663,6.031239259053181,-0.784285760365725,-0.6869552716444773
4.596466365968497,4.7594674157379835,2.6727988484119503,-0.2543736501717093,-1.436607321942215
3.404758935850881,2.2015328392156617,1.8703284987960256,0.18241991284822817,0.04312651629243347
0.6574739605908232,1.3268682967132523,0.8725511335085525,-0.5700665589051943,1.8076897981224849
4.29630499761822,6.163994415602851,0.42484279137197384,-1.0244669116540148,-2.7687157584013486
5.317148569485174,1.3263858852108894,4.958405563470462,2.0742229540788713,-1.2917623876432007
6.051502339303218,0.7333396214099751,4.606711252175667,2.235780002414845,-0.6713565425584034
1.2905226189078887,0.28321725664468306,2.312973999916821,-0.461330569807941,1.2829145151439671
0.5439092657329179,5.915258446958291,1.701437680358,1.538405661021657,1.64591861142957
0.675104525295449,4.142587145371559,5.361709021634352,0.15721978739392461,-1.0544957421459422
2.419820977784041,6.132205857004748,4.073977829147714,-0.39513526148657263,1.4864143443795375
3.5100438062672046,3.1182901012001554,3.2039736617204744,-0.9099638725164083,-0.41817691489455466
1.5507392624315608,2.538491602130817,0.7458558542544893,-0.44115675512017444,-0.8047226321645095
2.1614790229920646,3.8894799785398506,4.006919545208125,-0.3899686716690801,0.008768743398701706
5.390254759404973,1.408156480524799,5.46595648690894,2.452056181152444,-0.5836145101879946
1.121537982937665,0.7838579210024413,2.0935504151639734,-0.5485340738296417,1.089197986620368
2.667074454043606,1.863081758051611,0.5885750169580702,-0.675486715584454,-1.4451042749603487
5.340616866859311,1.8604882466833141,1.8380302420664565,0.2686288621744487,0.3614240305642207
3.9728978459651807,1.045589296045854,2.522693003873691,-0.06484618405560644,-0.7408529763028622
2.0811102345823347,1.243217351360478,3.4000963819896373,-0.5675781894629135,1.1179313939500752
3.468011252399134,1.5732218038289496,1.1193265279907356,0.3682433396922471,-1.389387712934625
5.732980276577702,5.971190704798756,0.0709163771114277,2.2061194242719426,-1.9933937638228074
4.34276165752069,3.7841310666719163,1.6642457578481624,-1.5644411359978942,-0.3276915711570963
5.117518154678188,4.06961051667799,3.614212861478658,0.394764533146446,-0.45081815187226587
5.291089473770881,2.299249127469897,5.119484964401096,1.7972641725972076,0.2712343539314409
1.825262246476539,5.472286750700783,5.506522393624203,1.2483137333025875,2.052411203901223
2.116313824477646,1.9770387132101594,0.11225302654841941,-1.584478690252739,-0.8338892964036115
3.6536301978964305,4.563825163572206,4.191016163194941,-0.23971134811769312,0.2874692063563685
6.193034740671504,0.8688024559547972,2.5338182306299744,0.7223642434848214,0.4422447836448944
5.477473515476872,2.9801227742082887,0.16364366269421493,-0.5691884463126942,0.8217819784215108
1.2032692583930968,0.6890484417983164,3.2557147567106357,0.46529227298375364,0.975375803812051
4.655764937887029,2.06582926583014,4.494717400780664,1.0677835522926196,-1.5496341938722904
3.5649815032594465,1.4549932535569738,0.6108113897396732,0.18568631195428198,-1.9710142955549805
3.782847325220335,1.5257506734341242,3.510545254820004,-1.061977185851582,-0.8563875565140081
6.151859925709517,0.560614013057532,5.107737012151349,2.634952465705026,-0.39354794760770717
0.4491760002437879,4.836193972251967,1.814002474083147,2.127948554262076,0.32247412737687875
1.407172464289549,1.5594224013333562,4.641588861357803,-0.5785018685769933,2.1306928931784093
5.428053605241028,5.45636003481143,0.10080414641126657,0.5348309503198564,-2.748431721355047
2.6015276054792356,4.93307113860174,4.339000661512824,0.22578456041977413,0.8249491233919667
1.5491022512433714,1.619553560332926,3.8774421002977673,-0.2551150579001792,1.6637345189826407
3.6578232148518497,2.2135332198391637,3.04772257264037,-0.8281317872061462,-0.4094723535171931
3.593271423998793,5.489161266537807,5.691222440497166,-2.4360605393668924,0.7034086675294424
3.6013751758434673,3.339194673042406,2.291632450876243,-1.086070457804086,0.35868291630529864
5.2944431396017855,0.12236310030453136,4.858524104381759,0.5377628541794038,-2.348969069814164
3.304483042273187,2.4913080982991387,3.501434174014153,-1.095082618975352,-0.5032890341634586
1.2293749442477195,0.7701175833551946,1.906353057580718,-0.8027580983909423,1.1597903099938658
0.5540001139846354,3.0246930332433988,5.720777897364121,-1.047715329735754,0.22775813731818248
0.3579568335572855,3.6240239459655155,4.9882956430640855,-0.6290391074236652,0.04447369322741612
4.687504479556342,5.646349808351254,4.010933394932816,-0.8454889872415104,-0.8101027735186637
1.2776473399663058,2.378944840568451,1.598344170238675,-0.06500543275126325,-0.39159197625897113
2.4511405610452965,0.5147639328483237,2.1177046504358814,-1.3928118993138179,-0.12021388441557745
0.1912851048560323,5.309706723247354,0.8900662913001565,2.685317289197256,-0.40705266016787667
3.3795321505928095,4.9356717605190115,3.2190733633850006,-0.903845598896111,-0.19856627856545483
0.302408956714797,3.4890997215297985,2.6075724328059238,1.1517788012247463,-0.19166231183904942
2.832502808124376,2.0972137514628573,5.738236226268924,-1.0587819414568116,-1.6190958282714458
5.818544406707476,3.4845203065458885,2.4225550549486594,0.5682839794519732,-1.071832915860123
4.862427083792299,1.0799136517891552,3.5264422715040222,0.09291654933239923,-1.3670394255108897
5.550844378756445,2.3487823264036396,1.301121933758052,-0.27702816713616074,0.5525062842833963
6.137307400949216,4.307801784438201,2.741237888759583,1.280187124503204,-0.41662639270358837
4.730618734415483,3.142932387683988,4.363956607886037,0.9450707114812233,-0.32299237855319374
0.14693871367565117,2.9924068410243367,1.8340254807808996,0.24725591771502464,-0.8174794223061651
3.5499228467785944,3.120288925466258,3.9308273439149684,-0.3761287838031127,-0.9428162038996277
4.458990346089706,5.9076516705368665,4.658861921315507,-1.6150011301428242,-1.1460186580712932
2.06987731790146,6.1655918814220065,6.240100036877893,-1.1829007612667948,2.7494209034276214
2.031637592054897,3.0193574510020755,3.462396458618561,-0.725179685270397,0.742814006774555
2.63503863953482,2.2015230689456016,4.116991836771003,-1.6415807998700744,-0.05315598290773277
2.8439061215814814,2.195989155181728,3.1144640533101713,-0.9302157468683928,0.30168661311365874
5.747254393366778,3.037673915619859,3.3194442418675094,0.9527717754037803,-0.35930440279340303
4.100740708132528,1.9922286802729978,5.5254511741099135,0.9910950753668349,-1.8199949633926829
2.110944718645611,5.814135933945764,5.849924396146414,-0.2310056782491039,2.7902389658561493
3.3795712775789464,1.405901246061162,2.1414244739926214,-0.09892434161521035,-0.6329008371654942
5.954597041715633,4.994768219982742,0.5309931789040632,1.3663236747732121,-2.206415256364459
3.477297104018392,5.174882985372563,2.8390276616516683,-1.1846892690412292,-0.5111040695636959
2.992688486393674,5.207921837436058,5.659786319436132,-1.0554129016325895,2.050820873183822
4.400689017574761,5.291408324694963,0.4873327047367566,-1.9996694850291596,-1.9009958365928619
5.62316862833928,0.49179030461617074,3.5101823173650177,0.7958709493597629,-0.9795894190007534
3.475160959112061,4.213029333233742,0.860958990743711,-1.4203613592417041,1.4268176713776837
2.851111526558208,0.3227139227159233,5.288501838706168,-2.5290974490546976,1.0747806312115373
2.515896874413668,4.421058194850915,5.52078747310691,0.9773466842647994,1.0854299657504498
5.910746103209644,3.9692224911106297,0.8031646862021692,-0.2741170946897114,-1.7551081181272923
5.6674852548954915,0.8251971029218234,3.3222328487894903,0.8696481095870181,-0.7498775429641776
2.6759713970988774,2.3925579934033676,5.336140729582684,-1.1019954719711749,-1.3187087722623936
6.069514566810712,5.251618659797134,3.4553236142527557,0.7004718176527346,-0.3570010648828891
5.677262870769415,3.343523642443629,2.571067631132669,0.464045989308989,-1.0038593927288364
0.7923944580345673,2.1867131214566204,2.884682889081204,0.6286496045605279,0.46659979534431467
3.3670181362820304,4.0991917342166175,0.19330730618564962,-0.40333141981128584,1.6833841119350192
5.199477452205931,3.399920737150724,0.731955985264324,-1.2058621676274779,-0.05560598672237749
2.8677739066514896,2.7452905043299802,3.942696882586305,-1.1704326472711997,-0.48127997862099037
6.255584664483807,4.71341790451237,2.9160992490809,1.2224548882955493,-0.05884469477322196
1.870813436107554,0.47668663259743693,3.138955766459372,-0.29741968781047645,0.9534856353524918
5.341630095416388,2.3623169789752922,5.8411020000954315,1.2961232877499214,1.0100520621127214
4.11236905184112,1.715182279482121,5.529868981328278,0.6873246392318586,-2.2006009857972906
4.3635332981692985,5.531380944029496,2.0970048195573714,-0.39383876123934736,-1.9361467232395828
3.054815714134153,4.200090842289002,3.18999876829919,-0.9556158020983748,0.06035091127407477
4.722533480694172,0.4548065337708329,2.8325964695964343,0.30319992876015495,-0.9059283964267899
0.1780813881457747,1.2217942535878492,5.049002455146078,2.140579386758841,1.3275058884466198
5.70430340050676,2.841024761980277,3.1605106161556615,0.8515340874272952,-0.5348895957748853
1.9688365597844266,2.922905117135425,0.7619624034459088,0.599113191906703,-0.6508624748240991
6.084541458677735,1.4400463354075688,5.53047301945756,2.1867531457437854,1.2183683664239695
0.6676323319425937,3.629134414044412,0.9025497390908818,0.8494431945143537,-1.1795115334990194
2.7576278269736076,2.3860246469005535,3.1723081276520677,-0.9548882584799209,0.3613334124913451
2.721485468237279,3.031593908460817,2.164105263588795,-0.11345265088610015,0.9002369393228358
0.8374632612497679,4.502492003321593,2.8811209535540354,0.897621036260675,0.8668626744634476
4.507547048301757,3.4777286794480773,5.778735144321137,0.030226508587766154,0.9434815758954097
1.8377097109364227,5.383477127597129,4.775363027557939,1.1696430370667832,1.2314862893404053
4.755956836141959,1.0501754723253593,2.191889510891917,0.7883633858261057,-0.46857013399251457
1.9716851625539829,2.5117362360845554,4.330374767080035,-1.4362942160385566,0.5204851672960765
3.958830403631775,1.29145246655039,1.4776687482766047,0.7308014480323967,-1.157801244028426
1.0770403309160774,1.8990122958310216,4.6790379271201905,-0.3148105180225804,2.025630253097433
3.455461343500484,1.3112124619341596,5.163547248886698,-1.7718481179495704,-1.7914627453212046
1.705541776378668,2.5169499022948116,5.755295763133483,-1.455820990403796,-0.4166961417697088
5.544106443724185,2.5114457616895822,4.524818669949269,1.538783004823153,0.3201457531961541
5.874069601292656,5.724296348045527,5.1519062320717195,0.9801895872018357,-2.085125023967618
6.002156041519186,2.3132340534924865,5.073987708567876,1.1955801967012953,1.351275730931082
4.241274786438242,2.4170742972845995,4.147360684499575,0.2878423878706843,-1.506668025070502
0.9560003534374973,1.3698320332079552,4.126729491727919,0.8771669856812568,1.7137058504072304
2.2934556190771724,2.805875703725778,5.6066727620621055,-0.5695633702448144,-1.1343843326075596
3.0857642225147246,3.996944325714095,3.061875118061623,-1.0533271915316411,0.11358469485885125
4.702559769581085,6.253900968834784,4.894444568927526,-1.0387337993503745,-2.1416426173463052
0.9260552046173437,0.10615621482096256,2.302154461328233,0.1324365782237783,1.4661092634304618
1.0591777812891172,1.9781823989789347,5.944554663088723,-1.408511970447114,1.4045251921642028
0.0761719862472912,1.6471026398407562,4.742705770693895,1.8285516215847077,1.246274838309942
4.564919394689327,1.328502592860811,2.976825940927904,-0.07208463189001058,-0.8425717327683209
1.9997799960731295,2.184525646464245,1.4702488312295035,-0.11099209346469852,-0.5424233447968827
1.9228362428631205,2.96821831839909,2.996147755939336,-0.20031135268990127,0.9540378026986751
5.005920681367203,1.0847895590437222,4.667341349807548,1.035572853592041,-2.120440698926152
5.534700305657183,1.1983296764024798,4.1158454965805165,1.4870621611668635,-1.2349628169874447
3.238807630376943,2.1655844918563782,1.355705834381789,0.5312188421951183,-0.40799280276075484
6.20005874033033,4.069710474837826,4.750865824499628,-0.4401347902150414,-0.19652185341284334
2.7765509200406866,3.420778229658418,3.054665886073744,-0.9229023692613412,0.4431620592898827
5.091985558750047,5.48534021933277,2.4317324141112606,0.8679888856160518,-1.4142464109500767
1.7601981225162693,5.582103382220471,2.096948600007141,-0.6985238217013273,1.839568472166588
4.322123220908272,5.2120864546758146,2.0488484651800736,-0.8201840326493739,-1.8663593544294335
3.066604439132385,2.3458943609675917,3.1028028433204664,-0.9670471377496362,0.09932874343208564
3.680959960164008,1.026669880005765,1.4528077417922014,0.1296830297869095,-1.6360216147226991
5.241713486804579,2.8424403030078897,5.2521124935010635,0.9947885569876591,0.8065391092138136
3.4503446680250383,5.073131057328155,1.6632758372840504,-2.2967778457108414,-0.21008481309600308
4.669880185738942,4.36217378089992,6.179854477565718,-1.8458331379510278,-0.14043059018462917
0.31323986942144605,2.5105635970114,3.480883376813717,1.0011805286213633,0.6421095574709071
3.6989063424650874,1.4472650876075441,3.2115438777071685,-0.9110718506469112,-0.560504321001212
1.6456429332549518,5.779255987263676,3.058732981362082,-0.14861143029628276,1.0347534239291871
1.45024287885715,1.2176525473689013,1.8124464610985853,-0.9995963481724244,0.4757240785068192
3.2782415048194617,2.174696491630699,0.6319748091714583,0.6644234924182242,-1.0712982004586722
4.085669694860225,0.814705648853649,1.6742976342810765,0.5582078415533259,-1.504961049727219
4.709032595850393,4.78838324193328,2.583105868345443,-0.11644054512099655,-1.5395275843601208
2.700582000357298,2.0848158102422696,4.967318242974084,-1.7780852150056972,-0.8925740908393316
4.757284719186125,5.792776837152876,4.44333975901641,-1.1414203224950048,-1.2460956059829869
5.068724650798784,2.8730270363013264,4.210056223857217,1.1764775821731819,-0.34382042002829477
2.19148131530833,0.9337679214328282,5.443039743097346,-2.2365532119196003,1.585370128782333
5.965299167624624,2.9558251694646644,3.801500207046403,1.061890351006517,0.32568825455955075
3.369487969582523,2.1291461618328906,2.547432662409861,-0.4573447393264196,0.04917292264713258
2.1951071119812084,5.882229808511169,5.994427700882643,-0.7406853065628444,2.7843879496042305
2.5973397948717674,2.675160522391379,6.215341655077076,0.14839167091678696,-1.2106802798934582
2.6702679767614756,5.017952941015989,3.0650990922606502,-0.9658565963073368,0.46956038850411363
3.46404757005728,0.3325653719701021,4.163029257486528,-1.8469599663719123,0.06835187682066934
5.939509748061282,2.491048730359635,3.917885832568001,1.3727130515943662,0.28517829435718745
3.7630696406938418,4.389786219195624,4.875213713442701,-0.21216695930340412,0.8189017802855577
3.2524570548743434,4.3046977025857185,3.6962368751345966,-0.44640286546696345,-0.12131683038699126
5.98401718104458,3.912573528403429,5.024905457870921,-0.641514385262039,-0.041364884839671046
1.3948664634345562,0.6197415400112984,5.327875531588247,0.23512289622992244,2.7596979583152326
4.29682903570456,5.911638629181909,0.42560582712826606,-1.4656945192514979,-2.556155177930597
5.587790021636937,1.3507824958292851,2.180668225895397,0.6069270104060188,0.2695828389930971
2.6650341016991304,3.336864709302225,4.670336127969619,-0.2456143722915597,-0.7670475937211059
6.030588400145659,2.8217075780733496,1.8114245686989325,-0.1980885436121495,-0.6536393563564682
2.023587838613251,2.6899545487945136,2.586537905209432,0.08968519383768836,0.7497089073203389
0.030110767597699276,1.2486040691108244,2.454468411506262,0.4574382009364566,0.4300708028123873
0.9484385836207736,2.6068123282008746,2.0306493095834868,0.4338843489558256,-0.2315942886141965
0.4514107190820361,0.33087591313438525,5.8351358986139354,2.553796944053378,1.469187256202852
1.6726128867494552,1.3484961811778546,3.802669405072263,-0.23698780172269374,1.6296581362319755
3.5356491632217533,1.5271570617960006,3.5484656000273587,-1.2670242415206832,-0.5964665454260077
4.40252675732185,5.972948961681237,2.987999036156559,-0.18726165709958342,-1.0508612504868615
1.945351236304756,5.950933556750634,4.121074936346521,0.4448922271281891,1.4079321803991762
1.288596434677328,5.231312277628309,4.625838248840579,1.4001896758081045,0.2062185765826361
5.735566238166183,3.4424897012838214,1.8622210697925907,-0.07126377824370275,-1.2754303855135443
2.134183318946201,4.48104809825843,3.456060032959083,-0.3868644006723905,0.5690220081864972
0.04048668067488315,2.353622145701266,6.165281032967331,-0.3825658301520185,1.4816181138504418
2.9076788394832764,0.6495816954369013,4.5619346412520585,-2.1497288618998427,0.7930220376828775
2.906119868400874,1.707513401784316,1.2107682223460445,-0.17440765618050325,-1.2046828798274225
2.93167166574856,6.075128828123235,3.103091083586876,-0.9943490988019639,0.17350509671702652
2.316379208617767,2.039378869450654,2.659823006312434,-0.28394468250802285,0.46626723525118174
6.1670651036115,5.151176562656576,0.8412289512719012,2.228715134555861,-1.460016734370348
5.008155599120097,5.224895845720727,5.78615749119942,-1.3512274602722258,-1.9859193310034267
0.022282976012772023,5.887595298267774,2.0393640860288307,1.835761404139778,0.6530505730309811
4.636600512425502,3.5470955792058327,4.278874965014161,0.595128845740051,-0.1546078581857785
0.43171167440733194,4.572237979445458,0.034984982050036924,1.5164713988517737,-1.4865264394765403
0.9150030104261474,1.066845788659681,2.3964302650322464,-0.11771459730890932,0.7645626446957481
3.860366814662825,3.963971280751626,1.9428348776894473,-1.6649275229492688,0.005354035852507655
6.149811587653578,3.9139091636990213,4.627122851201286,-0.3374259008965763,0.12127124545071977
0.601751439955543,2.85126993954289,2.5660970533652314,0.8377851342203373,-0.0013404175320896328
3.8740294629104723,6.004554498186758,4.075383651775814,-1.460155972229967,-0.1238070943916959
4.6672205110813465,3.032661816175617,3.2645810523958425,0.07723113978140507,-1.0103459937354269
4.71632780428575,1.4024430256156228,1.2035162885924156,1.4974478280921701,-0.30171777722285464
5.280559786996289,0.6736739163340335,6.141864032157288,2.3759173680250005,-1.6190672395138817
2.6039988227256585,0.6134014090715062,1.8991711093946013,-1.4628041421502505,-0.4830885326401073
2.4237387932428764,0.2860244734864557,4.948593647717268,-1.4670413626553804,2.057229056908516
3.0672647942182225,2.7322683211141436,3.7679993893659867,-1.101764313779528,-0.533026300231556
0.2066107333195849,2.6644086333990864,5.402554379386658,-0.3922739834295365,1.3856829962210848
2.0643327208038733,2.465619621084442,1.3486109306341536,0.26408173048279693,-0.49641285936107005
4.148680237645454,0.9235871193752909,3.414114612281216,-0.7732469808835329,-0.9746078802877816
5.4596156554426765,1.0327526614447093,0.27470218519781975,2.5430019590189996,-0.060693839981515896
2.5945773017152,4.916279591338972,4.359071160465091,0.2494796713397881,0.8203556858208045
2.3471449405738767,5.377599087279842,5.9797497757684,-0.1525016719102789,2.6129853261677534
6.1836668890812945,4.266542545587588,4.907698025839614,-0.4630314989342922,-0.6113420857094067
5.350076212402894,5.447452360118248,5.442481394822508,-0.4631854281152744,-2.2912259363630465
1.501879459669353,3.1895171482339504,0.1395045486832033,0.16610644656199933,-0.9951391433652796
4.621175456609598,3.7239811246685632,2.7739463874283627,-0.439534592911518,-1.106443670359566
4.5701901252602175,5.054044710691573,1.5703417678768266,-0.924203016994513,-2.1683080697792683
1.7004829137656379,5.948262109477651,2.026290812100864,-0.8943731476059762,1.7229614560788367
1.0264751954922295,1.1721563460148645,2.0602677194393735,-0.5076619078105544,0.7658563025389611
3.1185029503361066,0.6815140193628288,1.9562904867939734,-0.926309560115349,-1.0916207308401769
1.2106030647780357,3.313364529407069,2.114427593259333,1.1027201609507893,0.30131472937990733
6.080996996825228,2.3575727151788293,4.855296499245767,1.1746157443535095,1.2981272635171315
3.3905033293494142,3.432746055231792,4.998546619732357,0.6238706234468294,-0.4098164526602698
1.7250944629996867,2.5481063361924288,0.037616934793827085,-0.9697565169555015,-0.8374254946203974
2.0145509365016907,0.7813306760235504,1.4627407554432104,-1.8085222630408089,0.343209416175533
1.5316272899266323,2.3181171537897276,1.1389894611593547,-0.44756520345897466,-0.6132571724588517
0.8155434541766169,1.727149847878584,1.9755522978634936,-0.33340986043698606,0.31061866256576043
1.6601075874586388,2.6093058607476785,0.7093676772087316,-0.2545697066574261,-0.8721928136948108
6.037571646066544,1.6330655201761828,1.893455782906542,0.16199594190707423,0.6012230457791032
5.2017738203637816,1.046720230810709,3.1004974938071057,0.4723517581249711,-0.8415926108572298
0.10284498860154698,4.269090805593694,6.234742719290996,0.28163493770752435,-1.7652679624629068
0.029342456474025266,2.6475022972919993,5.819774470158089,-0.49367400497103797,1.2780535137118716
3.474503421941376,0.6350274382773444,4.051029142824001,-1.8138925183324697,-0.19714200075819
0.022815606849098682,3.1193886879966986,3.1263572063451175,0.9996329964397441,0.007578701467910976
1.1329381877048212,0.6527953783327918,1.7502062773594547,-0.7125330491685973,1.4984461071465516
0.09618471852678495,3.986108658436963,2.4828476770852177,1.3666689286470777,-0.4337000020633031
1.0422259410763028,4.790323121408697,2.989699506185479,0.5805647452684837,0.9947188178377863
0.530222140315078,0.13405994982496539,4.043545362059648,1.6454928126654533,0.12222943515946239
4.914606570833614,1.5334853773825543,4.492784975968541,1.1326058187560202,-1.813967834008531
6.218068699369953,1.7919094232244552,5.924676064949865,1.0436474648323955,1.9023508795436685
3.512587503702584,0.2606658256334565,5.1886742721779155,-2.6337985949173115,-0.5065282238539257
5.007004669927281,2.373099465208315,1.7627589950549094,-0.2138124557525336,0.21108711731066582
4.217024725885235,0.7576131077666917,4.366655115145489,-1.2126161330387262,-1.7622169500242635
5.5050889468316715,4.386083680633798,6.076485064788257,-1.147412747088151,-1.408379005234111
0.16567049468377767,2.6869583858782358,0.3593126306041599,-0.9697582085516901,0.37958194959445457
2.2892873700470813,3.092611848821156,5.496242572841876,-0.15481022771865582,-1.0244385758704766
5.859901211044563,2.28411684177576,2.4047671519248794,0.19368573541658607,-0.3543625562604842
1.555464135121636,0.2781286719592768,6.225458398727919,-0.4480857171747953,2.9445965635090907
5.794954157496799,0.8382453435224575,1.5561198835034398,1.4934436640933966,0.8181459165531334
6.050889178560446,3.771269846271524,4.358805032252607,0.0072795518054028785,0.3818236658917322
3.8390891600267594,2.6626787048922944,3.9076597677223015,-0.34340178602643234,-1.2585331227013132
1.6971229044196459,2.222148131719419,0.5917180723389345,-1.0385763203173761,-0.6893831586028992
5.909804924263781,3.0029006551878696,5.834430832173109,-0.5134737587498882,0.9448853802277761
3.9789562567991483,3.898114647924463,4.080508440200972,0.1278289633837405,-0.31502369091667237
2.674876277813615,3.432280630697842,0.35884409669315714,1.0748320784659884,0.4566346038753218
3.8631966565808713,2.564118324782987,2.862729303619987,-0.752052961608118,-0.3826321340728316
4.194991003989764,3.0538263942149833,0.11066289698801851,0.5488695664793822,0.8335050214716592
3.6229829094688233,2.2026539404546797,2.213538210170812,-0.17335056867492366,0.07813870930392564
2.691092740185119,4.6515747987722476,3.76092394588934,-0.30309858300615344,0.3133460556571728
3.396818626213505,5.370549174809984,1.7477905625391157,-2.2213317835733215,-0.5281980042171862
4.65877472198588,0.5585233177948883,0.14545694025747133,1.0356170045246227,-2.6696438156609252
3.6238767106787626,5.886511777424661,0.21907886844411822,-2.8362157153422496,-0.8493067982018752
1.1484064790402237,3.5459334622636636,3.1920647474740544,0.3594759966816957,0.9117491466309143
4.18188652972738,3.513053786387762,2.3005737579539076,-1.1890986157449608,-0.415425027829314
0.05707109744844521,3.8735024889529868,3.3979103093481218,0.7954466865064981,0.2124788448997199
3.780508392218301,6.2440704815518,4.976333692744643,-2.3884718411118424,-0.5112092539333841
2.8245079598203664,6.178359607349577,2.060029157409419,-1.7951851383069033,-0.2764327174776934
0.6951146266894072,0.6415358392617749,1.582483924279091,0.02463449429901099,1.8338143158660292
4.8760498469343405,4.105073889090047,1.428445724658119,-1.293294748859719,-1.390551447151374
4.288807321800218,4.045357487545279,1.1798972702290538,-1.8689866670607422,-0.11387784910298605
5.895652010683665,4.049403059075643,5.671071317594207,-0.9376233559712712,-0.7833185408381814
3.4006019615956804,2.7740252979826003,0.14638579391334366,1.0267537842768304,-0.32664925547456813
2.7877574988206653,0.46772433024007576,2.2400325182599765,-1.2260745299472084,-0.475857277183963
0.9801683305427286,4.372294019215935,0.7681275591464507,2.140947494436868,-0.1333407323714778
1.598700394126993,3.599474296212605,0.9021923040288832,1.4223380919422635,-0.06649930278380389
0.19951445919621136,2.8054452603384687,3.1784018954377884,0.9845044425073908,0.23474366435035646
5.99068529674146,0.5295199315258625,1.7523120270815955,1.5231451229937145,0.8601450394758172
1.7570699757655697,5.939998918850788,0.033118847125549154,0.09454927021885336,2.9627629215215623
1.7595914943735136,1.433572761678509,4.204969238607045,-0.7461220811183302,1.828570300242284
4.831750482791836,1.651245835665616,4.837008914267229,1.4179518525614958,-1.7422330408922493
4.936069570703844,1.1355133435765374,0.021611836598545917,2.1815216587040753,-1.3739640697528872
4.388431344403086,1.971655274564864,5.559012815777387,1.4764560130016084,-1.4741692954576076
1.5577263954401528,4.350729326341243,3.8781958832721064,0.008441047872178142,0.27986654516705206
2.5148985709905114,1.3550714756087126,0.8647340004339706,-1.5339130267223284,-1.0789403904840422
2.0851961514775095,3.851928376614922,6.15337494960051,1.3375977190396124,0.07328044380804638
1.2164531336653541,5.054087846723836,3.163469835037825,0.34693712171456903,0.9159978729472885
2.044960138547813,4.097195938853792,2.980448050224994,-0.421214642188686,1.0467088802680249
4.609686331025862,2.5788962052301123,3.824171115342882,0.5320294631569158,-1.2079126997596537
6.04438168871302,3.965381347190198,0.25967137235230564,-0.5260868752992429,-1.5364703464886387
0.6285227240828514,1.4965429271244102,0.5929864227745174,-0.6290647143127932,1.849226428513701
1.8910824302851217,1.7473336500620786,3.383486936209126,-0.45460660486112137,1.145850387706327
4.47716069247923,4.653866639711362,3.9742472352735083,-0.33195794702387016,-0.1697213444003347
0.9136054478377925,3.7243248252738756,6.21817403273569,0.3974870642368038,-1.195807616747616
5.403580973725466,4.535850505955622,6.249287852892093,-1.1196528085548838,-1.7251696676674484
0.3361745981995983,4.3130434978616865,1.9084459196131913,1.8434612303552482,-0.3970819416493483
3.811376083850909,5.9690410666577245,3.7422821629367733,-1.1448566423731257,-0.15192536075303464
4.531019922497094,5.339884729584502,3.3101652127181818,-0.26555451365544414,-0.8383593875167327
3.5112319235034657,1.9131312230088384,1.121134045352244,0.6866649571507557,-0.8590386157329297
2.729379098498772,3.8533590361802332,1.9866311382495438,-0.6166777618358235,1.4505704657940335
2.1131458911480956,3.0627494800732533,3.581520472476261,-0.8545195559697365,0.5809241817454278
0.7872858463934945,5.363243791036811,5.259422119765802,2.099605025409325,-0.33919377044502497
3.6770849258021348,3.227121444204408,2.6226375470683827,-1.0415285758961552,-0.030287422692204524
1.1660709562203797,6.036236740010287,0.045891241050576605,1.5696901565462236,2.5363368885090836
2.6525997988799244,1.3759778592403882,5.608176170257316,-2.4921755464548454,-0.5158254831511362
4.977387753722953,1.4343496305905898,3.5259968696471895,0.38235913787051656,-1.3276497185781886
6.219158730825661,5.269895272928263,2.1733667053261154,1.9287570580047093,-0.05526396495266572
1.1944059905352358,4.855139780017306,1.834308465421502,1.3105279494576316,1.6980316274512308
3.059211549978192,3.482422668079989,6.144222600394853,0.9630489872068232,0.4570713300815383
2.427361485848892,2.211277186350265,1.976859898769483,0.11600966777230992,-0.016014390585114335
1.9016827324980108,2.205960809687813,2.8323248009799364,-0.10147364333889397,0.7336801894883175
4.634094046012605,1.8664767302773972,0.3898199367202839,1.719495462169169,-0.21068450844742315
0.9656111555435084,4.392131003490407,2.5549374312810293,1.1117307409052224,1.0217871480236076
2.2307998872124437,0.29467062765914936,4.614777901045402,-0.7745848175496375,2.1237878999218145
3.5372388903619068,5.73882512418967,2.6435097529587814,-1.1136919241295544,-0.8398715133832911
0.4311893191806377,3.028566844776905,4.055754189853748,0.29070329451542043,1.0483921596850094
1.0843896231799925,4.8543541223174875,4.890667210542046,1.2433167899022912,-0.43987944290712944
1.9443376390248108,2.8526667015503695,1.288901981227092,0.7002031367525323,-0.2613831699253909
4.9235772611150095,1.5379557441157072,2.358393905278215,0.37117328278744877,-0.23173923399828922
4.172340163118573,1.847677800580961,4.211857762676971,-0.24020456972692972,-1.8401067686687043
2.906479421809885,0.13928856947708496,2.612886795173445,-1.1566625778352628,-0.2560852944431913
5.7160188068526745,1.8013865360596084,1.2306379010890172,0.39406230984612345,1.0328972224002608
5.160374056387487,4.629800818550027,4.877320553537761,-1.0066484245612233,-0.3960007670130179
1.9345706564219904,0.4415491895152668,2.7665763268138597,-0.6597089287579507,0.7186009105600686
3.3940736465967394,4.651074526215299,6.120307916323301,-1.1865853201028689,1.73157608420173
4.467601138136941,5.0699485544178735,5.994843403763511,-2.2206256088119996,-0.9080520462790552
4.656645813847095,3.31316230298771,3.9731080419767912,0.6405844689802848,-0.5889903381585869
5.920126149522065,2.320136536672489,5.166443110002178,1.2252818757287693,1.316047724634984
3.5447504249194037,2.5516897230198086,5.2857421653509595,0.4398359944875281,-1.5041798547029772
4.301029793070471,2.212641712305505,5.716022778415174,1.5175577964175049,-1.0184791507544357
1.6267467665107362,1.0823485576035907,2.9557224331884395,-0.14901722244532167,0.8378688985744611
3.0314909047752923,5.490873879043313,4.087037850201333,-0.6145885112057629,0.9377228564213496
0.7230568111398574,1.5544295954072442,5.086099506660221,0.5714415264753403,2.3043415046471316
2.308612903615802,0.057567053910050604,1.3476179251719198,-2.227515036146549,0.8984625880105109
2.16827396734613,5.9695506062375285,1.259321635471167,-1.8422240305938713,1.8143717811520776
0.17621744554742616,1.8213673648558897,0.5273527618871766,-0.2452530726480383,1.6639162644352443
5.787412897952789,4.584973352953668,4.4656313049697545,-0.3488933893844205,-0.5234392382999152
3.46569949252503,0.1123201562969992,3.05857052310336,-0.9160035617677795,-0.39507207428185753
3.581271252199187,1.6747057347833991,4.098199352121858,-1.3851871145949106,-1.2109641127079387
5.090463250502408,4.9574602752140695,1.7803721850278482,0.29684993492693174,-2.1858346350336326
4.654311890524099,4.807631661515285,4.885412818167815,-1.265999049343499,-0.05747962681944796
1.336087951742907,1.3668609666389315,6.1600251260251015,-1.5190646689743397,1.9300079038490794
0.053984853254834174,4.383149728423475,4.190127889836058,0.028264567663036866,-0.1927745468122536
0.11824270639016589,5.317993183066128,4.607271884657017,0.8406735633822976,-1.2112971271222275
4.466618965122484,5.504718355545958,0.12740953959724763,-1.8789719923595802,-2.1137931735413
4.748494781564777,1.0317647825799128,5.131724843490724,0.8287815190707517,-2.477847720203208
2.8029107329374923,4.238068579872369,4.350367198387918,0.16868142751432463,0.09686583210900124
0.1301013911112706,4.8850358810091725,4.463603002311221,0.29114898793137844,-0.8787221573969007
0.8794626687876955,3.941824994626718,1.7535951905999994,1.7040058458017058,0.06389848677145832
0.5911842191226722,4.379930115383756,5.381378910111199,0.48646588723170037,-1.2096242001611381
1.5899962553607256,2.6305287874969334,0.40436977980327515,-0.5788510011209955,-0.8778132494327894
2.8733360345032386,0.2468666615091601,3.473072641961147,-1.011699588219507,0.5915835134825961
2.6248776369796487,0.03601458279009362,4.8416412774051825,-1.4118602092192458,1.895302199002042
4.032915536913614,3.2699243007867076,2.862173693296329,-0.8430328996311406,-0.600438395994552
1.2194842014853136,4.296138159603882,3.052832549999262,0.4085155408751642,0.9999768584847737
2.4728808718576194,4.256132696492608,1.7755223982379593,-0.48799476443158996,1.8469292702853028
0.7451745978543629,1.4309521258370612,5.9861677513052625,-0.1375157434946005,2.4532611770574677
1.3460953880988213,4.301236052457665,4.454689714705765,0.24807651567080802,-0.24565095650372004
5.8496250270720935,2.0074256944911015,0.37837859199797674,0.5321422432838327,1.5080176527605413
3.293023001490504,2.007421260147711,3.8515129627266966,-1.3968269762176915,-0.7134244230032751
0.2419483821174395,4.2353019609376075,6.048550024436524,0.28521047772721897,-1.6245579935773904
0.5374995534519241,5.421055230243118,5.53671424905314,2.2859178370886255,-0.6846977654095445
5.20649690056143,1.6428844759766486,0.24105006581347696,2.0096844669331926,0.3784191384227882
0.9643010382991865,1.8570532394020536,2.182423435424341,-0.09188639456944214,0.17859770116295448
4.614991034432012,4.481946851257086,0.299843782817851,-2.0435922012121246,-0.6452690396342211
1.4547595643342308,0.2639337979549055,2.6681736294698193,-0.35138531735569456,1.034874518017872
0.46380777037786364,2.6306015204403033,0.21265657565542198,-1.0908720370373262,0.32980360156861965
2.172264226726918,2.3585126778479046,0.8202366234048399,-0.15037711319050995,-0.9619643306979764
5.389638444821586,0.837100682658566,4.6677692675502245,1.5241653168465406,-1.8306126911257772
0.7151196094314642,4.571311150249285,6.1689286725199155,1.7418008025157676,-1.080153164023336
4.920037856040649,0.5161347538177312,4.704405747377509,0.11381610765536143,-2.384045393286554
2.4346008109977864,4.216006070126597,3.91407273243503,-0.2447464798790714,0.10016742632518949
0.08417461612769403,6.069579952168258,3.030469469040364,1.0168887802132072,0.193246222792207
3.3678371152801057,1.2981629824503675,2.590561299487477,-0.4583765254706994,-0.3964540008829657
0.8222838768017878,5.9228917339782825,2.4002962631364686,0.614469740568016,1.4541213667715958
4.260909886520695,0.3411381691453618,4.772619879528751,-1.5451588176353397,-1.8436323197907296
3.9968809060814934,4.59276017643274,3.0587992161906628,-0.719611682389073,-0.8077177274117994
4.897018905280804,6.203015709725425,0.5009938757674429,0.8569888146228769,-2.7997969160688383
5.24034337244446,3.645145834711006,3.995417399964925,0.5966332116225271,-0.040938306647678446
1.345934637137722,5.9232332767411835,0.16635330765700618,1.181369794810448,2.7223555315572066
0.24474872011190416,3.7727085484829757,1.7816245039495617,1.2149577880597733,-0.9911999814113933
3.1714987215921897,5.4870528874295035,0.3768838026000252,-2.6452441832550395,1.0430997865016196
3.18055575571742,0.7611744150131212,4.661279925121649,-2.3767766631724676,-0.024054376145988154
3.166455609160925,5.4837778487162785,0.3013680910407896,-2.6045558506959527,1.1302461759563713
0.7374887871875418,4.570446827522379,4.388534136667267,0.3378026104511308,-0.4237721987708673
4.785076065041365,4.593061322155424,0.8910857045464616,-1.5904356363087069,-1.6983385043434374
6.208464886767464,3.9350948807103907,2.2393231404699776,1.2278146065522608,-0.915579084508683
3.5037322846274987,2.9334271400487357,0.7891260130347904,0.6403101009378445,0.6084731719082637
3.837667858549336,3.915129363857144,4.603588016552398,0.31168109168841496,0.145228742670192
0.1674809273339043,6.118018511969599,5.91009060689522,2.918049940477955,-0.19332988145581215
4.151056703522526,2.119850180319427,1.1489892921977474,0.8881909710067395,0.04843027349317186
5.188387697045418,5.016326963198468,4.797974038707853,-1.014165277196069,-0.9438270232314238
2.2872582282555354,5.875294972615881,5.061540154521938,-0.1690321607976445,2.318218587482635
2.3942676261755125,4.235942763669885,1.3695774667732343,0.06158888855261013,2.0091699052633896
4.204215636767763,0.08402530681473251,3.0621019602497914,-0.4155110459267449,-0.9091922117761906
4.526345941110932,4.530167979122176,3.890872044449802,-0.189637821881523,-0.2508842491062239
5.4246391541028665,1.697328677557994,5.264485816510943,2.3057660359538366,-0.19201114997569718
0.29036645487562246,0.34935990091127783,5.316591871946685,2.707451069657261,0.5622017217108072
1.2782617037759718,0.13319818487615512,2.4670072154570506,-0.29352929227783164,1.2728722988871226
4.682321899129765,2.2697968314509804,0.6756336095277493,0.9787254995108754,0.5951207160910632
2.020600031834476,2.510748305155392,0.35027480114483966,-0.4464145821751122,-1.068838432468963
4.324131500687377,1.6331821343892035,1.5240578085949041,0.9328436170837857,-0.3143245609459009
5.237207111422268,5.197429639512164,1.2402839238357322,0.5973599820259422,-2.490155354404984
2.67684139279095,3.2178774230910503,1.5309318406786128,0.4469110541995993,0.9790910966742778
0.2168023682616923,4.45164928267674,4.784179647498287,-0.06694503801137885,-0.8117766950848434
6.043023674479512,3.104328529187147,5.613897413206028,-0.5748172288288144,0.847520624352636
4.752305199571551,5.8767100250030975,4.662542395065918,-1.2330482709803297,-1.5282937098233567
4.090638699233612,4.137183647569326,4.994397438466681,-0.15512198166475755,0.7279038327944802
4.8261206948199575,0.46905015124214383,3.6911618233778287,-0.2415773530972155,-1.4039420775826321
3.343729101444267,6.01778107487617,5.749348238751482,-2.8046060327578126,0.4247134901016121
6.003885701681617,3.482022250011257,2.037219658784727,0.4665374365750259,-1.200815752040728
2.2829875904487107,4.312917618023363,2.9164463882499474,-0.6981615358307247,0.9771177318649442
1.8360301003709947,4.240362792212816,6.193351702251392,1.6728877901049848,0.4674142878327976
5.501191792139149,1.9314714694274218,2.222136305478156,0.14481254879743366,-0.020143231611501167
0.3973099670373877,5.7227498624903435,2.6045783795928035,1.1440775758367914,0.8688608405528452
3.6039843688445745,1.8531922950034814,5.111204874705722,-0.6314898825489415,-2.0914541955191064
1.9729207537657054,4.77984999678227,1.5757532419678533,0.04345034761326039,2.2622501917874835
3.345255803171282,4.064525900388546,2.5652151683184394,-1.4020067367332278,0.1778228089347278
1.4643410656801976,5.729523174058879,2.725690810848754,-0.16061068538820444,1.3094237521285876
2.9859471180253534,4.491293250707653,4.541200699225841,0.23358546014981107,0.5639653002165665
0.8417399406700745,6.1127536283912205,2.090387920266522,0.5204717328908227,1.7386385613797262
0.2339839542571183,5.556801967978396,4.900328529610761,1.5541736282665328,-1.1948958622224146
4.9635813170367635,3.5351426353679605,5.024289252667879,0.22383365750874534,0.6478993274828608
2.1716233558661773,1.2920753009498145,6.035473380724752,-2.5111297288006496,0.4339779288797695
6.022779902332594,1.870619796096915,0.6509646153205401,0.29004554377307745,1.5127532673738695
3.8344360778442947,3.996277834915474,1.9219244783537714,-1.6929008228454654,0.0389835683614741
3.063283361298197,4.9385560016415315,0.22465170822109667,-1.5082088773211628,1.9987351857914688
4.264614696571144,5.695240733933992,4.236362413445211,-1.352206038422586,-0.41306366172785625
3.218545038052665,6.140284484710225,6.261012253182606,-2.9909866290904397,0.07703167197679439
4.428396507543378,6.2278574580571835,1.5729895726762275,0.3306721875542108,-2.2337028080909915
2.9644858944108323,5.427198813073759,2.3552760120339076,-1.7425824840390864,0.06581518253766583
0.9000836032610517,3.125732683712346,1.2549882483086734,0.5259517511335615,-0.8327991489845026
2.060651171729094,4.433212536940693,0.15352678162314473,1.4417986374429281,1.4477312369689002
2.9027076247066916,0.4258545255109406,2.865818044683733,-0.9581150482466991,-0.03795103366410113
2.4536212635056867,0.41274995130423897,3.037041047893702,-0.8061519617153523,0.536021670489714
3.930434295445995,0.44999488905118484,3.9657212663982246,-1.5031025398168596,-0.7736328771568667
4.885821096653177,3.988115338187169,1.4695661724306732,-1.2863547148733363,-1.2564221828475253
